student_id,name,programme,level,semester,gpa,attendance,credit_ratio,failed_modules,financial_flag,repeated_course,probation,dropout
UEN/BA/2021/001,Ama Antwi,Business Admin.,200,1,2.07,65.5,0.571,2,0,0,0,1
UEN/ME/2021/002,Kojo Asante,Mech. Engineering,200,2,3.3,85.7,0.804,2,0,0,0,0
UEN/CS/2021/003,Owusu Frimpong,Computer Science,200,1,2.96,86.1,0.759,1,0,0,0,0
UEN/CS/2022/004,Efua Amoah,Computer Science,300,1,2.12,70.4,0.697,2,0,0,0,1
UEN/CS/2020/005,Nana Darko,Computer Science,100,2,2.3,65.6,0.68,1,0,0,0,1
UEN/BA/2021/006,Nana Addo,Business Admin.,200,1,4.0,100.0,0.931,0,0,0,0,0
UEN/CS/2021/007,Ato Quartey,Computer Science,200,2,3.91,91.1,0.961,0,0,0,0,0
UEN/EE/2023/008,Ato Acheampong,Electrical Eng.,400,2,3.52,84.5,0.883,0,0,0,0,0
UEN/BA/2021/009,Kow Addo,Business Admin.,200,1,2.37,69.0,0.81,1,0,0,0,0
UEN/CS/2023/010,Asante Sarpong,Computer Science,400,1,2.76,79.4,0.905,1,0,0,0,0
UEN/EE/2022/011,Ama Ansah,Electrical Eng.,300,2,3.68,100.0,0.915,0,0,0,0,0
UEN/EE/2020/012,Kweku Frimpong,Electrical Eng.,100,1,2.27,69.2,0.65,1,0,0,0,0
UEN/EE/2022/013,Efua Fordjour,Electrical Eng.,300,1,4.0,100.0,1.0,0,0,0,0,0
UEN/EE/2021/014,Kow Amoah,Electrical Eng.,200,1,3.71,89.8,0.869,0,0,0,0,0
UEN/CS/2022/015,Esi Twumasi,Computer Science,300,1,2.91,72.9,0.728,1,0,0,0,0
UEN/EE/2023/016,Yaw Agyei,Electrical Eng.,400,1,2.99,81.6,0.754,1,0,0,0,0
UEN/CS/2021/017,Ato Quartey,Computer Science,200,2,3.21,94.0,0.857,1,0,0,0,0
UEN/EE/2020/018,Afia Frimpong,Electrical Eng.,100,2,2.43,75.0,0.595,2,0,0,0,1
UEN/CS/2021/019,Asante Addo,Computer Science,200,2,3.72,87.6,0.933,0,0,0,0,0
UEN/EE/2022/020,Kwesi Ansah,Electrical Eng.,300,2,3.22,93.1,0.88,0,0,0,0,0
UEN/EE/2022/021,Kow Frimpong,Electrical Eng.,300,1,3.22,75.7,0.853,1,0,0,0,0
UEN/ME/2022/022,Efua Darko,Mech. Engineering,300,2,3.24,93.6,0.767,2,0,0,0,0
UEN/EE/2022/023,Ama Kumi,Electrical Eng.,300,2,1.29,47.4,0.804,2,0,0,1,1
UEN/CS/2022/024,Ama Osei,Computer Science,300,2,2.86,77.7,0.704,1,0,0,0,0
UEN/CS/2020/025,Esi Amoah,Computer Science,100,2,3.23,87.4,0.852,3,0,0,0,0
UEN/CS/2020/026,Nana Mensah,Computer Science,100,1,1.99,78.1,0.712,3,0,0,0,1
UEN/ME/2023/027,Yaw Kumi,Mech. Engineering,400,1,2.86,81.2,0.947,1,0,0,0,0
UEN/EE/2022/028,Abena Twumasi,Electrical Eng.,300,2,2.81,55.6,0.765,2,0,0,0,1
UEN/BA/2021/029,Efua Quartey,Business Admin.,200,2,3.73,88.6,0.934,0,0,0,0,0
UEN/BA/2021/030,Akosua Agyei,Business Admin.,200,2,2.95,89.3,0.875,1,0,0,0,0
UEN/CS/2023/031,Kobby Quartey,Computer Science,400,2,3.6,88.2,0.967,0,0,0,0,0
UEN/CS/2022/032,Adjoa Sarpong,Computer Science,300,1,3.66,92.4,0.96,0,0,0,0,0
UEN/BA/2023/033,Ato Frimpong,Business Admin.,400,2,3.64,100.0,1.071,1,0,0,0,0
UEN/CS/2021/034,Akosua Sarpong,Computer Science,200,1,3.01,86.3,1.022,0,0,0,0,0
UEN/ME/2022/035,Kwesi Twumasi,Mech. Engineering,300,2,3.53,100.0,0.86,0,0,0,0,0
UEN/BA/2022/036,Kobby Acheampong,Business Admin.,300,1,2.0,65.1,0.758,2,0,0,0,0
UEN/CS/2023/037,Esi Addo,Computer Science,400,1,3.32,92.1,0.985,1,0,0,0,0
UEN/CS/2020/038,Ato Sarpong,Computer Science,100,2,2.85,79.1,0.883,1,0,0,0,0
UEN/ME/2020/039,Serwaa Nyarko,Mech. Engineering,100,1,3.73,99.4,0.881,0,0,0,0,0
UEN/EE/2022/040,Kobby Ansah,Electrical Eng.,300,2,2.65,76.8,0.877,2,0,0,0,0
UEN/CS/2022/041,Maame Owusu,Computer Science,300,1,3.27,80.8,0.828,1,0,0,0,0
UEN/BA/2020/042,Fiifi Osei,Business Admin.,100,1,1.82,69.8,0.647,2,0,0,0,1
UEN/CS/2020/043,Owusu Frimpong,Computer Science,100,2,2.84,69.9,0.607,1,0,0,0,0
UEN/EE/2020/044,Kwabena Danso,Electrical Eng.,100,1,3.63,87.8,0.882,0,0,0,0,0
UEN/EE/2022/045,Owusu Darko,Electrical Eng.,300,1,4.0,98.1,1.032,0,0,0,0,0
UEN/EE/2022/046,Ewurama Nyarko,Electrical Eng.,300,2,3.25,81.7,0.885,1,0,0,0,0
UEN/EE/2022/047,Ato Mensah,Electrical Eng.,300,2,3.71,86.6,0.69,2,0,0,0,0
UEN/EE/2022/048,Kwadwo Mensah,Electrical Eng.,300,1,4.0,98.7,1.026,0,0,0,0,0
UEN/ME/2023/049,Fiifi Kumi,Mech. Engineering,400,2,3.38,100.0,0.922,0,0,0,0,0
UEN/EE/2020/050,Ewurama Kumi,Electrical Eng.,100,2,3.83,89.0,1.047,0,0,0,0,0
UEN/CS/2020/051,Asante Boateng,Computer Science,100,2,3.02,72.3,0.875,1,0,0,0,0
UEN/ME/2021/052,Efua Acheampong,Mech. Engineering,200,2,2.76,72.7,0.685,1,0,0,0,0
UEN/EE/2020/053,Fiifi Mensah,Electrical Eng.,100,1,2.94,74.7,0.695,1,0,0,0,0
UEN/EE/2022/054,Esi Bonsu,Electrical Eng.,300,1,2.45,89.9,0.917,2,0,0,0,0
UEN/BA/2023/055,Kojo Osei,Business Admin.,400,2,3.57,98.5,1.127,1,0,0,0,0
UEN/BA/2022/056,Kweku Appiah,Business Admin.,300,2,2.79,86.8,0.827,2,0,0,0,0
UEN/BA/2020/057,Kobby Fordjour,Business Admin.,100,1,3.08,96.5,0.819,0,0,0,0,0
UEN/BA/2022/058,Abena Agyei,Business Admin.,300,2,3.45,100.0,0.887,0,0,0,0,0
UEN/EE/2022/059,Abena Acheampong,Electrical Eng.,300,2,2.91,100.0,1.186,0,0,0,0,0
UEN/BA/2021/060,Ato Addo,Business Admin.,200,1,3.09,68.1,0.87,2,0,0,0,0
UEN/EE/2020/061,Nana Kumi,Electrical Eng.,100,1,3.73,100.0,0.849,0,0,0,0,0
UEN/CS/2021/062,Kojo Danso,Computer Science,200,2,2.96,73.4,0.772,2,0,0,0,0
UEN/EE/2023/063,Fiifi Barimah,Electrical Eng.,400,1,2.62,91.2,0.764,2,0,0,0,1
UEN/EE/2021/064,Asante Ntiamoah,Electrical Eng.,200,2,2.62,81.7,0.651,3,0,0,0,1
UEN/CS/2023/065,Serwaa Appiah,Computer Science,400,2,3.21,95.3,0.839,0,0,0,0,0
UEN/EE/2020/066,Esi Mensah,Electrical Eng.,100,1,3.86,93.6,1.007,1,0,0,0,0
UEN/EE/2021/067,Kobby Kumi,Electrical Eng.,200,1,2.76,52.1,0.554,1,0,0,0,1
UEN/CS/2021/068,Esi Agyei,Computer Science,200,1,2.35,73.2,0.669,3,0,1,0,1
UEN/CS/2020/069,Maame Agyemang,Computer Science,100,2,2.29,74.8,0.854,2,0,0,0,1
UEN/ME/2021/070,Esi Ntiamoah,Mech. Engineering,200,2,3.78,96.3,0.956,0,0,0,0,0
UEN/EE/2021/071,Ohemaa Kumi,Electrical Eng.,200,2,2.63,95.0,0.989,1,0,0,0,0
UEN/ME/2022/072,Efua Ansah,Mech. Engineering,300,1,2.78,66.4,0.764,1,0,0,0,0
UEN/ME/2022/073,Kobby Appiah,Mech. Engineering,300,1,2.93,74.7,0.682,1,0,0,0,0
UEN/BA/2023/074,Kobby Osei,Business Admin.,400,1,3.47,83.0,0.789,0,0,0,0,0
UEN/BA/2022/075,Poku Asante,Business Admin.,300,2,3.07,79.0,0.862,1,0,0,0,0
UEN/CS/2023/076,Owusu Kumi,Computer Science,400,2,3.26,100.0,0.773,0,0,0,0,0
UEN/BA/2023/077,Fiifi Agyei,Business Admin.,400,2,2.5,54.0,0.592,3,1,1,0,1
UEN/BA/2020/078,Kwame Twumasi,Business Admin.,100,1,2.87,80.9,1.098,1,0,0,0,0
UEN/EE/2022/079,Abena Ntiamoah,Electrical Eng.,300,2,3.4,91.3,0.928,0,0,0,0,0
UEN/ME/2020/080,Kwesi Nyarko,Mech. Engineering,100,2,4.0,84.6,0.912,0,0,0,0,0
UEN/CS/2020/081,Akua Mensah,Computer Science,100,1,1.99,60.6,0.613,6,1,1,0,1
UEN/EE/2022/082,Barimah Danso,Electrical Eng.,300,1,3.35,98.0,0.828,0,0,0,0,0
UEN/CS/2021/083,Serwaa Owusu,Computer Science,200,2,4.0,88.2,0.772,0,0,0,0,0
UEN/ME/2020/084,Akosua Kumi,Mech. Engineering,100,1,3.09,87.9,0.817,1,0,0,0,0
UEN/CS/2020/085,Asante Nyarko,Computer Science,100,1,3.0,85.5,0.798,1,0,0,0,0
UEN/CS/2023/086,Kweku Fordjour,Computer Science,400,2,2.36,74.9,0.85,1,0,0,0,0
UEN/ME/2021/087,Ama Agyemang,Mech. Engineering,200,2,1.56,73.8,0.343,1,0,0,0,1
UEN/CS/2023/088,Akosua Nyarko,Computer Science,400,2,4.0,96.1,1.002,0,0,0,0,0
UEN/ME/2021/089,Adwoa Quartey,Mech. Engineering,200,1,3.38,83.4,0.803,1,0,0,0,0
UEN/EE/2023/090,Ohemaa Adjei,Electrical Eng.,400,2,3.31,98.5,0.996,0,0,0,0,0
UEN/CS/2022/091,Nana Addo,Computer Science,300,2,3.14,78.0,0.756,1,0,0,0,0
UEN/ME/2021/092,Kweku Addo,Mech. Engineering,200,2,2.68,75.7,0.829,1,0,0,0,0
UEN/EE/2021/093,Ohemaa Tawiah,Electrical Eng.,200,1,3.55,90.4,0.75,0,0,0,0,0
UEN/BA/2023/094,Afia Frimpong,Business Admin.,400,1,3.52,97.8,0.962,1,0,0,0,0
UEN/EE/2022/095,Maame Boateng,Electrical Eng.,300,2,4.0,99.9,0.933,0,0,0,0,0
UEN/EE/2023/096,Kofi Appiah,Electrical Eng.,400,2,2.65,87.9,0.871,1,0,0,0,0
UEN/EE/2020/097,Kweku Darko,Electrical Eng.,100,1,2.97,82.7,1.063,1,0,0,0,0
UEN/CS/2022/098,Kobby Sarpong,Computer Science,300,2,3.53,79.3,0.943,1,0,0,0,0
UEN/CS/2021/099,Efua Amoah,Computer Science,200,1,2.32,57.0,0.607,2,0,0,0,1
UEN/BA/2023/100,Barimah Mensah,Business Admin.,400,2,2.43,71.1,0.661,1,0,0,0,0
UEN/ME/2020/101,Kojo Barimah,Mech. Engineering,100,1,3.38,100.0,1.078,0,0,0,0,0
UEN/ME/2021/102,Akua Ntiamoah,Mech. Engineering,200,1,2.48,83.3,0.642,2,0,0,0,0
UEN/EE/2022/103,Ama Sarpong,Electrical Eng.,300,2,4.0,90.8,0.972,0,0,0,0,0
UEN/CS/2020/104,Abena Darko,Computer Science,100,2,3.99,89.0,0.874,1,0,0,0,0
UEN/EE/2023/105,Barimah Bonsu,Electrical Eng.,400,1,3.23,86.0,1.032,0,0,0,0,0
UEN/CS/2020/106,Ato Agyei,Computer Science,100,1,3.58,94.7,0.883,1,0,0,0,0
UEN/BA/2021/107,Maame Agyemang,Business Admin.,200,2,1.73,61.2,0.616,2,0,0,0,1
UEN/ME/2022/108,Serwaa Acheampong,Mech. Engineering,300,1,2.96,73.2,0.803,2,0,0,0,0
UEN/EE/2021/109,Afia Antwi,Electrical Eng.,200,1,3.58,81.1,0.889,0,0,0,0,0
UEN/CS/2023/110,Efua Darko,Computer Science,400,2,2.91,84.3,0.564,2,0,1,0,1
UEN/CS/2020/111,Ohemaa Twumasi,Computer Science,100,1,2.5,68.9,0.988,1,0,0,0,0
UEN/BA/2020/112,Fiifi Nyarko,Business Admin.,100,1,1.54,46.1,0.521,3,0,0,0,1
UEN/ME/2020/113,Ewurama Frimpong,Mech. Engineering,100,1,2.82,71.9,0.691,1,0,0,0,0
UEN/ME/2021/114,Ato Frimpong,Mech. Engineering,200,1,3.19,93.8,0.942,1,0,0,0,0
UEN/EE/2021/115,Adjoa Bonsu,Electrical Eng.,200,1,1.93,77.7,0.851,2,0,0,0,1
UEN/BA/2021/116,Kwabena Adjei,Business Admin.,200,1,3.56,86.8,0.94,0,0,0,0,0
UEN/BA/2021/117,Adjoa Agyei,Business Admin.,200,2,3.46,78.6,0.854,1,0,0,0,0
UEN/CS/2020/118,Ato Barimah,Computer Science,100,2,1.65,52.1,0.761,2,0,0,0,1
UEN/EE/2023/119,Akosua Twumasi,Electrical Eng.,400,2,1.95,75.6,0.82,3,0,0,0,0
UEN/BA/2023/120,Kwadwo Nyarko,Business Admin.,400,1,3.18,90.5,1.108,0,0,0,0,0
UEN/EE/2020/121,Esi Agyemang,Electrical Eng.,100,2,3.51,94.9,0.77,0,0,0,0,0
UEN/CS/2022/122,Kwame Barimah,Computer Science,300,2,3.32,72.9,0.843,0,0,0,0,0
UEN/EE/2020/123,Kobby Antwi,Electrical Eng.,100,2,3.65,100.0,0.876,0,0,0,0,0
UEN/EE/2020/124,Ato Antwi,Electrical Eng.,100,2,3.51,100.0,0.938,0,0,0,0,0
UEN/ME/2023/125,Kwame Darko,Mech. Engineering,400,2,2.8,77.1,0.779,1,0,0,0,0
UEN/CS/2023/126,Kobby Darko,Computer Science,400,1,3.26,88.7,0.883,3,0,0,0,0
UEN/ME/2020/127,Ama Ntiamoah,Mech. Engineering,100,2,3.35,57.9,0.777,1,0,0,0,0
UEN/EE/2021/128,Kwadwo Ansah,Electrical Eng.,200,2,2.47,86.9,0.697,1,0,0,0,0
UEN/CS/2023/129,Barimah Acheampong,Computer Science,400,2,2.65,74.8,0.716,1,0,0,0,0
UEN/BA/2023/130,Ato Amoah,Business Admin.,400,1,3.67,68.7,0.939,1,0,0,0,0
UEN/CS/2020/131,Efua Ansah,Computer Science,100,1,2.72,85.0,0.756,1,0,0,0,0
UEN/EE/2020/132,Adjoa Tawiah,Electrical Eng.,100,1,2.48,63.3,0.788,1,0,0,0,0
UEN/EE/2023/133,Efua Frimpong,Electrical Eng.,400,1,3.17,75.2,0.792,2,0,0,0,0
UEN/ME/2021/134,Esi Frimpong,Mech. Engineering,200,1,3.72,85.7,1.096,0,0,0,0,0
UEN/EE/2022/135,Kwesi Agyemang,Electrical Eng.,300,2,3.58,81.6,0.783,0,0,0,0,0
UEN/BA/2020/136,Nana Twumasi,Business Admin.,100,2,1.6,72.6,0.413,2,1,1,0,1
UEN/EE/2023/137,Adwoa Mensah,Electrical Eng.,400,2,3.15,83.6,0.76,1,0,0,0,0
UEN/BA/2022/138,Kofi Asante,Business Admin.,300,2,3.61,79.3,0.831,0,0,0,0,0
UEN/EE/2020/139,Nana Mensah,Electrical Eng.,100,1,2.94,79.9,0.849,1,0,0,0,0
UEN/EE/2020/140,Fiifi Acheampong,Electrical Eng.,100,1,2.8,78.2,0.609,2,0,0,0,0
UEN/EE/2020/141,Ewurama Quartey,Electrical Eng.,100,2,4.0,89.2,1.186,0,0,0,0,0
UEN/BA/2023/142,Barimah Owusu,Business Admin.,400,1,3.59,90.1,1.046,1,0,0,0,0
UEN/BA/2021/143,Ama Fordjour,Business Admin.,200,1,3.3,89.5,0.873,0,0,0,0,0
UEN/ME/2021/144,Akosua Darko,Mech. Engineering,200,1,2.82,78.1,0.716,1,0,0,0,0
UEN/EE/2021/145,Serwaa Amoah,Electrical Eng.,200,2,2.88,86.3,0.964,1,0,0,0,0
UEN/CS/2021/146,Asante Danso,Computer Science,200,1,2.14,85.9,0.685,1,0,0,0,0
UEN/EE/2023/147,Kwesi Quartey,Electrical Eng.,400,2,3.64,100.0,0.812,1,0,0,0,0
UEN/EE/2020/148,Adjoa Ntiamoah,Electrical Eng.,100,2,3.35,86.1,0.92,0,0,0,0,0
UEN/CS/2020/149,Akua Asante,Computer Science,100,1,1.92,69.9,0.657,3,0,0,0,1
UEN/ME/2020/150,Barimah Nyarko,Mech. Engineering,100,2,2.55,71.8,0.747,2,0,0,0,1
UEN/EE/2023/151,Kweku Mensah,Electrical Eng.,400,1,2.73,85.0,0.834,1,0,0,0,0
UEN/EE/2022/152,Efua Adjei,Electrical Eng.,300,2,3.43,78.1,0.945,1,0,0,0,0
UEN/ME/2023/153,Kofi Tawiah,Mech. Engineering,400,1,3.54,90.1,0.929,1,0,0,0,0
UEN/ME/2023/154,Yaw Acheampong,Mech. Engineering,400,1,2.38,61.8,0.648,2,0,0,0,1
UEN/BA/2021/155,Akua Tawiah,Business Admin.,200,1,3.19,75.6,0.641,2,0,0,0,0
UEN/ME/2020/156,Akosua Quartey,Mech. Engineering,100,1,3.55,81.4,0.855,0,0,0,0,0
UEN/BA/2022/157,Kobby Kumi,Business Admin.,300,1,3.39,73.6,0.982,0,0,0,0,0
UEN/ME/2023/158,Afia Amoah,Mech. Engineering,400,1,3.86,80.2,0.848,1,0,0,0,0
UEN/CS/2023/159,Kweku Quartey,Computer Science,400,2,3.03,71.5,0.779,1,0,0,0,0
UEN/EE/2020/160,Kwadwo Agyemang,Electrical Eng.,100,2,3.6,79.1,0.963,1,0,0,0,0
UEN/BA/2021/161,Adjoa Boateng,Business Admin.,200,2,3.69,93.0,1.05,0,0,0,0,0
UEN/BA/2020/162,Afia Quartey,Business Admin.,100,1,3.23,90.4,0.794,0,0,0,0,0
UEN/EE/2022/163,Kwame Nyarko,Electrical Eng.,300,2,3.83,96.2,0.903,0,0,0,0,0
UEN/EE/2022/164,Kow Boateng,Electrical Eng.,300,1,2.19,77.2,0.838,2,0,0,0,1
UEN/CS/2020/165,Poku Boateng,Computer Science,100,1,2.97,80.0,0.811,2,0,0,0,0
UEN/BA/2021/166,Ama Danso,Business Admin.,200,1,3.47,87.3,0.877,2,0,0,0,0
UEN/CS/2021/167,Ama Owusu,Computer Science,200,2,3.47,74.7,0.993,0,0,0,0,0
UEN/EE/2023/168,Ewurama Danso,Electrical Eng.,400,1,3.19,92.0,0.866,0,0,0,0,0
UEN/EE/2022/169,Barimah Frimpong,Electrical Eng.,300,1,3.23,89.0,0.977,1,0,0,0,0
UEN/CS/2022/170,Ohemaa Appiah,Computer Science,300,2,3.79,92.3,1.015,0,0,0,0,0
UEN/BA/2020/171,Kow Darko,Business Admin.,100,1,3.58,92.4,0.871,1,0,0,0,0
UEN/CS/2023/172,Kwadwo Tawiah,Computer Science,400,2,3.33,81.3,0.802,0,0,0,0,0
UEN/EE/2021/173,Esi Ntiamoah,Electrical Eng.,200,2,3.91,81.7,1.004,0,0,0,0,0
UEN/BA/2023/174,Akosua Appiah,Business Admin.,400,1,1.95,71.6,0.679,1,0,0,0,0
UEN/EE/2020/175,Adjoa Addo,Electrical Eng.,100,1,3.72,81.9,0.915,1,0,0,0,0
UEN/ME/2023/176,Kojo Ntiamoah,Mech. Engineering,400,2,0.66,49.7,0.648,3,0,1,0,1
UEN/ME/2021/177,Kwadwo Antwi,Mech. Engineering,200,2,3.69,76.3,0.861,1,0,0,0,0
UEN/CS/2023/178,Serwaa Danso,Computer Science,400,2,2.57,81.2,0.681,2,0,0,0,0
UEN/CS/2022/179,Abena Agyei,Computer Science,300,2,3.02,86.4,0.938,1,0,0,0,0
UEN/ME/2022/180,Kwadwo Agyemang,Mech. Engineering,300,1,3.19,80.3,0.911,0,0,0,0,0
UEN/CS/2021/181,Afia Barimah,Computer Science,200,2,2.89,93.0,0.679,0,0,0,0,0
UEN/CS/2021/182,Kofi Frimpong,Computer Science,200,1,2.85,80.5,0.848,1,0,0,0,0
UEN/EE/2020/183,Afia Barimah,Electrical Eng.,100,1,3.29,86.9,0.835,3,0,0,0,0
UEN/EE/2022/184,Ewurama Frimpong,Electrical Eng.,300,2,2.99,96.9,0.936,0,0,0,0,0
UEN/ME/2021/185,Kow Owusu,Mech. Engineering,200,1,3.0,78.7,0.707,1,0,0,0,0
UEN/EE/2023/186,Poku Danso,Electrical Eng.,400,1,2.95,93.4,0.78,1,0,0,0,0
UEN/CS/2021/187,Ewurama Acheampong,Computer Science,200,2,3.36,88.1,1.02,1,0,0,0,0
UEN/EE/2023/188,Kow Nyarko,Electrical Eng.,400,1,3.1,69.0,0.904,1,0,0,0,0
UEN/BA/2020/189,Asante Asante,Business Admin.,100,1,2.79,99.3,0.882,0,0,0,0,0
UEN/EE/2020/190,Asante Appiah,Electrical Eng.,100,2,2.76,67.5,0.589,1,0,0,0,0
UEN/CS/2021/191,Owusu Ntiamoah,Computer Science,200,1,2.4,70.7,0.561,4,0,0,0,1
UEN/EE/2021/192,Ohemaa Quartey,Electrical Eng.,200,1,3.36,84.2,0.913,1,0,0,0,0
UEN/ME/2020/193,Fiifi Addo,Mech. Engineering,100,2,2.7,73.1,0.912,2,0,0,0,0
UEN/CS/2021/194,Poku Sarpong,Computer Science,200,2,2.9,81.4,0.819,2,0,0,0,0
UEN/EE/2021/195,Kwesi Kumi,Electrical Eng.,200,1,3.02,88.0,0.953,1,0,0,0,0
UEN/ME/2022/196,Ato Amoah,Mech. Engineering,300,1,3.14,81.6,0.916,1,0,0,0,0
UEN/ME/2020/197,Kwesi Asante,Mech. Engineering,100,1,3.14,86.9,0.852,0,0,0,0,0
UEN/CS/2023/198,Ewurama Owusu,Computer Science,400,2,3.35,78.0,0.788,1,0,0,0,0
UEN/ME/2021/199,Kwame Boateng,Mech. Engineering,200,1,2.69,79.1,0.789,0,0,0,0,0
UEN/EE/2021/200,Kobby Acheampong,Electrical Eng.,200,2,3.83,98.8,0.902,0,0,0,0,0
UEN/BA/2020/201,Ato Danso,Business Admin.,100,2,4.0,100.0,1.037,0,0,0,0,0
UEN/EE/2021/202,Nana Frimpong,Electrical Eng.,200,2,2.95,75.1,0.762,2,0,0,0,0
UEN/BA/2023/203,Abena Appiah,Business Admin.,400,1,3.73,98.4,1.035,0,0,0,0,0
UEN/BA/2020/204,Ohemaa Ntiamoah,Business Admin.,100,2,2.97,74.0,0.81,2,0,0,0,0
UEN/CS/2022/205,Kweku Nyarko,Computer Science,300,2,1.94,81.2,0.593,2,0,0,0,1
UEN/BA/2020/206,Ama Darko,Business Admin.,100,1,3.34,86.3,0.762,1,0,0,0,0
UEN/CS/2020/207,Kwame Acheampong,Computer Science,100,2,4.0,84.9,0.977,0,0,0,0,0
UEN/BA/2023/208,Serwaa Fordjour,Business Admin.,400,2,4.0,100.0,1.049,1,0,0,0,0
UEN/ME/2020/209,Afia Asante,Mech. Engineering,100,2,2.51,94.3,0.737,1,0,0,0,0
UEN/BA/2021/210,Adwoa Bonsu,Business Admin.,200,1,2.99,95.3,0.868,1,0,0,0,0
UEN/CS/2020/211,Kofi Ntiamoah,Computer Science,100,2,3.31,87.3,0.883,0,0,0,0,0
UEN/ME/2020/212,Kobby Adjei,Mech. Engineering,100,2,3.23,95.9,0.882,1,0,0,0,0
UEN/EE/2023/213,Ewurama Bonsu,Electrical Eng.,400,1,3.02,86.5,0.957,1,0,0,0,0
UEN/CS/2021/214,Ato Antwi,Computer Science,200,2,3.6,79.6,0.713,0,0,0,0,0
UEN/CS/2020/215,Ewurama Twumasi,Computer Science,100,1,2.73,66.4,0.474,2,0,0,0,1
UEN/ME/2021/216,Ewurama Nyarko,Mech. Engineering,200,2,3.79,92.2,0.945,1,0,0,0,0
UEN/BA/2021/217,Kwesi Darko,Business Admin.,200,2,2.16,83.0,0.775,2,0,1,0,1
UEN/ME/2020/218,Adwoa Antwi,Mech. Engineering,100,1,2.84,96.1,0.851,0,0,0,0,0
UEN/BA/2023/219,Asante Ntiamoah,Business Admin.,400,2,3.34,100.0,1.079,2,0,0,0,0
UEN/CS/2022/220,Abena Quartey,Computer Science,300,2,3.27,94.6,0.854,0,0,0,0,0
UEN/BA/2022/221,Ohemaa Appiah,Business Admin.,300,2,2.08,47.1,0.607,2,0,1,0,1
UEN/BA/2023/222,Adjoa Mensah,Business Admin.,400,2,1.56,52.4,0.645,2,0,1,0,0
UEN/CS/2020/223,Esi Twumasi,Computer Science,100,1,4.0,86.2,0.953,1,0,0,0,0
UEN/CS/2022/224,Afia Asante,Computer Science,300,1,3.74,99.3,0.85,0,0,0,0,0
UEN/ME/2021/225,Kobby Kumi,Mech. Engineering,200,1,3.41,95.6,0.829,0,0,0,0,0
UEN/BA/2021/226,Maame Agyemang,Business Admin.,200,1,2.39,75.9,0.653,1,0,0,0,0
UEN/CS/2020/227,Kwame Darko,Computer Science,100,1,2.76,79.7,0.659,1,0,0,0,0
UEN/BA/2022/228,Ohemaa Amoah,Business Admin.,300,2,3.34,86.2,0.854,0,0,0,0,0
UEN/EE/2021/229,Adjoa Adjei,Electrical Eng.,200,2,2.7,88.7,1.02,1,0,0,0,0
UEN/ME/2021/230,Afia Appiah,Mech. Engineering,200,1,2.79,84.4,0.839,2,0,0,0,0
UEN/BA/2021/231,Yaw Quartey,Business Admin.,200,1,2.45,74.3,0.886,1,0,0,0,0
UEN/BA/2022/232,Ama Asante,Business Admin.,300,1,1.97,87.2,0.789,1,0,0,0,0
UEN/EE/2021/233,Kofi Ansah,Electrical Eng.,200,1,2.63,83.7,0.667,1,0,0,0,0
UEN/EE/2023/234,Owusu Antwi,Electrical Eng.,400,1,2.8,73.8,0.746,1,0,0,0,0
UEN/CS/2022/235,Kwesi Agyei,Computer Science,300,1,2.25,52.5,0.776,3,0,0,0,1
UEN/ME/2023/236,Kwesi Sarpong,Mech. Engineering,400,1,2.12,47.8,0.67,2,1,0,0,1
UEN/ME/2022/237,Abena Boateng,Mech. Engineering,300,2,3.4,100.0,0.935,0,0,0,0,0
UEN/ME/2021/238,Kwadwo Barimah,Mech. Engineering,200,2,2.95,100.0,0.898,1,0,0,0,0
UEN/EE/2023/239,Afia Addo,Electrical Eng.,400,1,3.79,98.2,1.084,0,0,0,0,0
UEN/ME/2023/240,Abena Danso,Mech. Engineering,400,1,1.87,60.3,0.449,2,0,0,0,1
UEN/ME/2022/241,Fiifi Danso,Mech. Engineering,300,1,3.46,100.0,1.055,0,0,0,0,0
UEN/CS/2021/242,Kwesi Asante,Computer Science,200,1,3.95,89.7,0.901,1,0,0,0,0
UEN/EE/2021/243,Akua Mensah,Electrical Eng.,200,2,3.39,93.9,1.155,0,0,0,0,0
UEN/CS/2020/244,Kwadwo Owusu,Computer Science,100,2,2.61,64.8,0.706,2,0,0,0,0
UEN/EE/2020/245,Kojo Darko,Electrical Eng.,100,1,3.24,80.7,0.929,0,0,0,0,0
UEN/CS/2021/246,Kwesi Osei,Computer Science,200,2,3.04,95.6,1.043,1,0,0,0,0
UEN/BA/2020/247,Kojo Ntiamoah,Business Admin.,100,2,3.51,89.8,0.974,1,0,0,0,0
UEN/BA/2022/248,Kweku Asante,Business Admin.,300,1,2.45,83.9,0.891,1,0,0,0,0
UEN/BA/2023/249,Nana Acheampong,Business Admin.,400,2,2.97,72.0,0.797,1,0,0,0,0
UEN/CS/2020/250,Poku Bonsu,Computer Science,100,2,2.19,77.3,0.7,1,0,0,0,0
UEN/ME/2021/251,Maame Ansah,Mech. Engineering,200,2,3.3,89.2,0.854,0,0,0,0,0
UEN/BA/2023/252,Owusu Danso,Business Admin.,400,2,2.18,84.0,0.874,1,0,0,0,0
UEN/CS/2020/253,Maame Kumi,Computer Science,100,1,3.58,100.0,0.795,1,0,0,0,0
UEN/BA/2020/254,Barimah Fordjour,Business Admin.,100,2,3.19,82.2,0.696,0,0,0,0,0
UEN/EE/2021/255,Ewurama Barimah,Electrical Eng.,200,1,3.61,82.3,0.732,1,0,0,0,0
UEN/EE/2020/256,Kwame Bonsu,Electrical Eng.,100,2,3.66,93.2,0.926,0,0,0,0,0
UEN/ME/2021/257,Kwadwo Addo,Mech. Engineering,200,2,3.5,98.4,0.913,0,0,0,0,0
UEN/CS/2021/258,Ewurama Amoah,Computer Science,200,2,2.33,81.8,0.488,2,0,1,0,1
UEN/CS/2020/259,Kwesi Sarpong,Computer Science,100,1,2.92,94.2,0.954,0,0,0,0,0
UEN/CS/2020/260,Nana Tawiah,Computer Science,100,1,3.38,93.5,0.614,2,0,0,0,0
UEN/ME/2020/261,Akosua Agyemang,Mech. Engineering,100,2,3.44,83.5,0.812,2,0,0,0,0
UEN/ME/2022/262,Kweku Amoah,Mech. Engineering,300,2,3.79,89.3,1.048,1,0,0,0,0
UEN/BA/2023/263,Kweku Frimpong,Business Admin.,400,2,2.97,70.9,1.078,1,0,0,0,0
UEN/BA/2020/264,Abena Ntiamoah,Business Admin.,100,1,2.42,65.7,0.553,1,0,0,0,0
UEN/ME/2020/265,Kojo Darko,Mech. Engineering,100,1,3.81,100.0,0.921,0,0,0,0,0
UEN/BA/2020/266,Ato Asante,Business Admin.,100,2,3.08,78.0,0.766,1,0,0,0,0
UEN/BA/2021/267,Maame Adjei,Business Admin.,200,2,2.02,62.7,0.663,3,0,0,0,1
UEN/BA/2022/268,Ewurama Danso,Business Admin.,300,2,3.73,100.0,0.758,0,0,0,0,0
UEN/EE/2020/269,Yaw Sarpong,Electrical Eng.,100,1,3.69,81.8,0.895,0,0,0,0,0
UEN/ME/2020/270,Kow Frimpong,Mech. Engineering,100,2,1.89,49.2,0.449,3,1,0,0,1
UEN/CS/2023/271,Ato Agyemang,Computer Science,400,1,2.3,80.7,0.717,2,0,0,0,0
UEN/BA/2021/272,Barimah Owusu,Business Admin.,200,2,3.51,93.4,0.836,0,0,0,0,0
UEN/CS/2023/273,Barimah Owusu,Computer Science,400,1,2.56,68.4,0.743,1,0,0,0,0
UEN/BA/2023/274,Adwoa Antwi,Business Admin.,400,2,3.35,100.0,0.863,1,0,0,0,0
UEN/EE/2022/275,Ohemaa Asante,Electrical Eng.,300,1,3.34,78.0,1.024,1,0,0,0,0
UEN/EE/2020/276,Serwaa Asante,Electrical Eng.,100,1,2.18,77.8,0.466,3,0,0,0,1
UEN/CS/2020/277,Fiifi Acheampong,Computer Science,100,1,3.18,82.8,0.984,2,0,0,0,0
UEN/ME/2023/278,Kwame Boateng,Mech. Engineering,400,1,2.14,71.0,0.515,3,0,0,0,1
UEN/EE/2022/279,Kofi Danso,Electrical Eng.,300,1,2.87,89.2,0.78,1,0,0,0,0
UEN/BA/2021/280,Esi Appiah,Business Admin.,200,1,3.87,97.6,0.803,0,0,0,0,0
UEN/CS/2022/281,Efua Quartey,Computer Science,300,2,3.53,86.2,1.093,1,0,0,0,0
UEN/BA/2021/282,Kobby Kumi,Business Admin.,200,2,3.75,92.2,0.748,0,0,0,0,0
UEN/ME/2020/283,Fiifi Mensah,Mech. Engineering,100,1,3.55,99.6,0.925,1,0,0,0,0
UEN/ME/2023/284,Yaw Darko,Mech. Engineering,400,1,3.67,82.2,1.067,0,0,0,0,0
UEN/ME/2022/285,Esi Owusu,Mech. Engineering,300,1,2.99,74.7,0.757,2,0,0,0,0
UEN/EE/2020/286,Owusu Amoah,Electrical Eng.,100,2,3.51,95.2,0.826,0,0,0,0,0
UEN/BA/2022/287,Kojo Acheampong,Business Admin.,300,1,3.39,85.0,0.895,1,0,0,0,0
UEN/ME/2021/288,Abena Owusu,Mech. Engineering,200,2,3.34,89.1,0.859,1,0,0,0,0
UEN/CS/2022/289,Akua Sarpong,Computer Science,300,1,3.4,83.2,1.019,1,0,0,0,0
UEN/ME/2022/290,Kwadwo Tawiah,Mech. Engineering,300,1,3.54,74.2,0.617,1,0,0,0,0
UEN/CS/2023/291,Adjoa Ntiamoah,Computer Science,400,1,2.75,72.8,0.682,1,0,0,0,0
UEN/EE/2023/292,Ewurama Quartey,Electrical Eng.,400,1,2.49,75.7,0.745,2,0,0,0,1
UEN/EE/2022/293,Kobby Agyei,Electrical Eng.,300,1,3.2,81.4,0.845,1,0,0,0,0
UEN/CS/2023/294,Akosua Antwi,Computer Science,400,1,3.63,100.0,0.932,0,0,0,0,0
UEN/CS/2022/295,Kwame Antwi,Computer Science,300,1,2.79,83.3,0.675,1,0,0,0,0
UEN/EE/2022/296,Poku Ntiamoah,Electrical Eng.,300,1,2.93,66.1,0.609,1,0,0,0,0
UEN/ME/2021/297,Kobby Nyarko,Mech. Engineering,200,1,2.37,82.5,0.707,1,0,0,0,0
UEN/BA/2021/298,Afia Sarpong,Business Admin.,200,1,3.13,84.4,0.872,1,0,0,0,0
UEN/ME/2022/299,Yaw Bonsu,Mech. Engineering,300,1,3.34,79.3,0.857,1,0,0,0,0
UEN/EE/2021/300,Nana Ntiamoah,Electrical Eng.,200,2,3.46,76.8,0.847,1,0,0,0,0
UEN/EE/2022/301,Ama Acheampong,Electrical Eng.,300,2,1.99,64.0,0.827,1,0,0,0,0
UEN/EE/2022/302,Akua Barimah,Electrical Eng.,300,2,1.9,72.8,0.511,2,1,0,0,1
UEN/BA/2020/303,Kow Barimah,Business Admin.,100,1,3.06,79.2,0.842,2,0,0,0,0
UEN/ME/2021/304,Kofi Ntiamoah,Mech. Engineering,200,1,2.38,77.7,0.708,1,0,0,0,1
UEN/BA/2023/305,Ato Adjei,Business Admin.,400,2,3.5,93.8,1.002,1,0,0,0,0
UEN/ME/2023/306,Kweku Barimah,Mech. Engineering,400,1,2.9,86.8,0.906,0,0,0,0,0
UEN/CS/2021/307,Ato Bonsu,Computer Science,200,2,4.0,85.4,0.948,0,0,0,0,0
UEN/CS/2021/308,Poku Danso,Computer Science,200,1,3.39,90.3,0.66,0,0,0,0,0
UEN/CS/2022/309,Yaw Darko,Computer Science,300,2,1.82,68.2,0.515,3,0,0,0,1
UEN/EE/2023/310,Kweku Twumasi,Electrical Eng.,400,1,3.94,93.1,0.857,1,0,0,0,0
UEN/BA/2021/311,Kwesi Amoah,Business Admin.,200,1,2.72,80.7,0.74,2,0,0,0,0
UEN/EE/2022/312,Poku Agyemang,Electrical Eng.,300,2,2.62,80.2,0.852,1,0,0,0,0
UEN/BA/2023/313,Kwadwo Bonsu,Business Admin.,400,2,2.83,74.9,0.532,1,0,0,0,0
UEN/CS/2023/314,Kwabena Adjei,Computer Science,400,2,3.69,100.0,0.935,0,0,0,0,0
UEN/BA/2022/315,Ama Quartey,Business Admin.,300,2,3.37,70.9,0.977,2,0,0,0,0
UEN/BA/2020/316,Poku Asante,Business Admin.,100,1,3.99,88.9,0.892,0,0,0,0,0
UEN/CS/2020/317,Kojo Asante,Computer Science,100,1,2.88,90.5,0.822,1,0,0,0,0
UEN/BA/2020/318,Ohemaa Agyemang,Business Admin.,100,2,3.26,83.5,0.802,0,0,0,0,0
UEN/ME/2020/319,Kow Tawiah,Mech. Engineering,100,1,2.17,64.0,0.465,3,0,0,0,1
UEN/EE/2023/320,Kobby Barimah,Electrical Eng.,400,2,3.44,89.3,0.861,2,0,0,0,0
UEN/EE/2021/321,Ama Ansah,Electrical Eng.,200,1,3.35,79.9,0.877,1,0,0,0,0
UEN/BA/2023/322,Ama Owusu,Business Admin.,400,1,3.95,100.0,0.862,1,0,0,0,0
UEN/CS/2023/323,Ohemaa Owusu,Computer Science,400,2,3.11,83.8,0.903,2,0,0,0,0
UEN/CS/2020/324,Maame Antwi,Computer Science,100,2,3.16,92.1,1.086,0,0,0,0,0
UEN/EE/2020/325,Ama Agyemang,Electrical Eng.,100,2,3.42,95.1,0.972,1,0,0,0,0
UEN/BA/2020/326,Esi Ansah,Business Admin.,100,1,1.87,54.8,0.746,2,0,0,0,1
UEN/CS/2020/327,Serwaa Mensah,Computer Science,100,1,3.5,100.0,1.083,0,0,0,0,0
UEN/CS/2021/328,Kwame Fordjour,Computer Science,200,2,2.97,76.2,0.621,3,0,0,0,0
UEN/CS/2021/329,Adwoa Fordjour,Computer Science,200,1,2.9,86.7,0.771,1,0,0,0,0
UEN/EE/2022/330,Owusu Adjei,Electrical Eng.,300,1,3.32,76.4,1.045,0,0,0,0,0
UEN/EE/2023/331,Ama Antwi,Electrical Eng.,400,2,2.71,71.1,0.779,1,0,0,0,1
UEN/CS/2020/332,Kow Boateng,Computer Science,100,2,4.0,96.1,1.015,0,0,0,0,0
UEN/BA/2023/333,Efua Darko,Business Admin.,400,1,2.06,65.8,0.719,2,0,0,0,1
UEN/ME/2021/334,Adjoa Antwi,Mech. Engineering,200,2,2.46,61.1,0.554,3,0,1,0,1
UEN/ME/2021/335,Ama Ansah,Mech. Engineering,200,1,3.34,83.7,1.048,0,0,0,0,0
UEN/CS/2023/336,Kwadwo Osei,Computer Science,400,2,2.58,82.4,0.713,1,0,0,0,0
UEN/CS/2021/337,Poku Ansah,Computer Science,200,1,2.02,73.6,0.618,2,0,1,0,1
UEN/BA/2022/338,Owusu Agyemang,Business Admin.,300,2,3.55,100.0,1.027,0,0,0,0,0
UEN/BA/2023/339,Akosua Addo,Business Admin.,400,2,1.94,57.6,0.669,2,0,0,0,0
UEN/CS/2021/340,Adjoa Quartey,Computer Science,200,1,3.32,92.6,0.956,0,0,0,0,0
UEN/CS/2020/341,Efua Nyarko,Computer Science,100,1,2.94,85.5,0.893,1,0,0,0,0
UEN/CS/2022/342,Esi Asante,Computer Science,300,1,2.91,89.3,1.121,2,0,0,0,0
UEN/EE/2020/343,Poku Addo,Electrical Eng.,100,2,2.47,85.9,1.089,1,0,0,0,0
UEN/EE/2021/344,Kofi Owusu,Electrical Eng.,200,2,3.37,95.3,0.87,0,0,0,0,0
UEN/BA/2023/345,Ewurama Owusu,Business Admin.,400,2,3.52,89.1,0.926,0,0,0,0,0
UEN/BA/2020/346,Poku Amoah,Business Admin.,100,2,2.76,87.6,0.897,1,0,0,0,0
UEN/ME/2021/347,Serwaa Adjei,Mech. Engineering,200,1,3.01,97.5,1.049,1,0,0,0,0
UEN/CS/2023/348,Efua Frimpong,Computer Science,400,2,3.86,81.5,0.916,3,0,0,0,0
UEN/CS/2022/349,Kow Asante,Computer Science,300,1,1.87,58.4,0.632,2,0,0,0,1
UEN/EE/2021/350,Kojo Ntiamoah,Electrical Eng.,200,2,3.81,85.2,0.972,1,0,0,0,0
UEN/EE/2021/351,Maame Acheampong,Electrical Eng.,200,1,2.53,95.0,0.761,1,0,0,0,0
UEN/BA/2022/352,Kofi Ntiamoah,Business Admin.,300,2,2.35,76.1,0.798,1,0,0,0,0
UEN/CS/2021/353,Adwoa Danso,Computer Science,200,1,1.45,45.6,0.529,3,1,0,1,1
UEN/EE/2023/354,Nana Adjei,Electrical Eng.,400,2,2.93,89.4,1.028,0,0,0,0,0
UEN/EE/2020/355,Fiifi Asante,Electrical Eng.,100,1,2.87,72.1,0.843,2,0,0,0,0
UEN/EE/2020/356,Akua Fordjour,Electrical Eng.,100,2,2.43,72.9,0.735,1,0,0,0,0
UEN/BA/2020/357,Kobby Kumi,Business Admin.,100,1,3.9,100.0,1.029,0,0,0,0,0
UEN/CS/2020/358,Akua Frimpong,Computer Science,100,1,1.23,67.3,0.807,2,1,0,1,1
UEN/CS/2022/359,Kwame Quartey,Computer Science,300,1,3.06,78.7,0.875,1,0,0,0,0
UEN/BA/2020/360,Kow Twumasi,Business Admin.,100,1,3.95,96.1,0.95,0,0,0,0,0
UEN/ME/2021/361,Kofi Appiah,Mech. Engineering,200,1,3.18,77.3,0.908,1,0,0,0,0
UEN/BA/2020/362,Ama Adjei,Business Admin.,100,1,3.48,74.1,0.825,0,0,0,0,0
UEN/EE/2021/363,Abena Asante,Electrical Eng.,200,2,2.09,60.8,0.584,2,0,0,0,1
UEN/CS/2022/364,Ato Acheampong,Computer Science,300,2,2.91,75.7,0.852,1,0,0,0,0
UEN/CS/2021/365,Poku Twumasi,Computer Science,200,1,3.76,100.0,0.84,0,0,0,0,0
UEN/ME/2022/366,Nana Owusu,Mech. Engineering,300,2,3.23,81.8,0.745,0,0,0,0,0
UEN/EE/2022/367,Kwabena Bonsu,Electrical Eng.,300,1,2.1,78.4,0.727,2,0,0,0,1
UEN/BA/2023/368,Fiifi Osei,Business Admin.,400,2,3.43,90.9,0.93,0,0,0,0,0
UEN/ME/2021/369,Esi Twumasi,Mech. Engineering,200,2,3.05,85.3,0.949,0,0,0,0,0
UEN/BA/2023/370,Barimah Twumasi,Business Admin.,400,1,1.92,59.3,0.601,3,0,0,0,1
UEN/EE/2020/371,Poku Nyarko,Electrical Eng.,100,1,3.03,81.6,0.872,1,0,0,0,0
UEN/BA/2020/372,Adwoa Adjei,Business Admin.,100,1,2.87,81.1,0.695,1,0,0,0,0
UEN/BA/2020/373,Akosua Darko,Business Admin.,100,2,3.28,70.2,0.863,1,0,0,0,0
UEN/BA/2023/374,Akosua Twumasi,Business Admin.,400,1,3.13,74.5,0.838,1,0,0,0,0
UEN/CS/2020/375,Kobby Acheampong,Computer Science,100,2,3.19,80.6,0.88,2,0,0,0,0
UEN/CS/2020/376,Kwabena Kumi,Computer Science,100,1,3.16,88.6,0.897,1,0,0,0,0
UEN/CS/2022/377,Ama Quartey,Computer Science,300,1,2.14,74.6,0.588,2,0,1,0,1
UEN/CS/2021/378,Fiifi Mensah,Computer Science,200,1,2.77,84.0,0.805,2,0,0,0,0
UEN/BA/2022/379,Akosua Fordjour,Business Admin.,300,2,3.53,100.0,0.749,0,0,0,0,0
UEN/BA/2021/380,Kwabena Twumasi,Business Admin.,200,1,3.65,92.6,0.925,0,0,0,0,0
UEN/ME/2020/381,Adwoa Tawiah,Mech. Engineering,100,2,3.7,98.0,0.842,0,0,0,0,0
UEN/EE/2021/382,Adwoa Appiah,Electrical Eng.,200,1,2.4,69.0,0.643,1,0,0,0,0
UEN/CS/2021/383,Akosua Agyei,Computer Science,200,2,4.0,90.9,0.949,0,0,0,0,0
UEN/ME/2020/384,Adjoa Agyemang,Mech. Engineering,100,2,2.16,81.4,0.627,1,0,0,0,1
UEN/EE/2022/385,Ewurama Owusu,Electrical Eng.,300,2,4.0,90.6,0.928,0,0,0,0,0
UEN/EE/2023/386,Efua Asante,Electrical Eng.,400,2,3.25,97.7,0.987,1,0,0,0,0
UEN/EE/2023/387,Kweku Adjei,Electrical Eng.,400,2,1.69,70.1,0.478,4,0,1,0,1
UEN/EE/2023/388,Serwaa Owusu,Electrical Eng.,400,2,3.13,80.3,0.716,1,0,0,0,0
UEN/ME/2022/389,Kobby Quartey,Mech. Engineering,300,1,2.76,74.7,0.83,1,0,0,0,0
UEN/ME/2021/390,Adwoa Addo,Mech. Engineering,200,2,3.99,100.0,0.935,0,0,0,0,0
UEN/BA/2020/391,Adwoa Darko,Business Admin.,100,2,2.61,83.1,0.984,1,0,0,0,0
UEN/ME/2020/392,Kojo Bonsu,Mech. Engineering,100,1,2.21,87.0,0.76,1,0,0,0,0
UEN/BA/2022/393,Ama Appiah,Business Admin.,300,2,2.83,93.2,0.837,1,0,0,0,0
UEN/BA/2022/394,Fiifi Agyemang,Business Admin.,300,1,1.97,61.3,0.662,3,1,1,0,1
UEN/BA/2020/395,Asante Adjei,Business Admin.,100,2,3.31,79.3,0.742,1,0,0,0,0
UEN/BA/2021/396,Afia Kumi,Business Admin.,200,1,3.94,96.8,0.987,0,0,0,0,0
UEN/BA/2022/397,Owusu Ansah,Business Admin.,300,2,2.18,68.8,0.66,2,0,0,0,0
UEN/EE/2021/398,Abena Danso,Electrical Eng.,200,2,3.29,88.6,0.825,1,0,0,0,0
UEN/CS/2022/399,Ewurama Sarpong,Computer Science,300,1,4.0,91.9,0.925,0,0,0,0,0
UEN/BA/2023/400,Kwadwo Tawiah,Business Admin.,400,1,2.84,61.7,0.682,1,0,0,0,0
UEN/CS/2023/401,Nana Bonsu,Computer Science,400,1,4.0,97.0,0.992,0,0,0,0,0
UEN/CS/2022/402,Fiifi Frimpong,Computer Science,300,2,2.76,86.0,0.65,1,0,0,0,0
UEN/ME/2022/403,Kwadwo Appiah,Mech. Engineering,300,1,2.84,75.4,0.964,2,0,0,0,0
UEN/BA/2021/404,Serwaa Osei,Business Admin.,200,1,3.72,84.5,0.888,0,0,0,0,0
UEN/CS/2021/405,Adwoa Danso,Computer Science,200,2,2.55,68.8,0.841,2,0,0,0,0
UEN/BA/2021/406,Ato Agyemang,Business Admin.,200,2,3.37,100.0,0.957,0,0,0,0,0
UEN/ME/2021/407,Ohemaa Sarpong,Mech. Engineering,200,1,3.01,72.3,0.852,1,0,0,0,0
UEN/BA/2021/408,Poku Addo,Business Admin.,200,1,3.31,100.0,0.776,1,0,0,0,0
UEN/ME/2020/409,Serwaa Quartey,Mech. Engineering,100,2,3.15,80.9,0.779,1,0,0,0,0
UEN/ME/2020/410,Yaw Antwi,Mech. Engineering,100,2,3.79,95.3,0.881,1,0,0,0,0
UEN/BA/2021/411,Maame Agyemang,Business Admin.,200,1,2.51,81.4,0.748,2,0,0,0,0
UEN/CS/2021/412,Afia Ansah,Computer Science,200,2,2.91,74.2,0.633,2,0,0,0,0
UEN/CS/2023/413,Kwabena Owusu,Computer Science,400,1,2.35,69.3,0.833,1,0,0,0,1
UEN/EE/2020/414,Nana Twumasi,Electrical Eng.,100,2,2.34,77.4,0.734,1,0,0,0,0
UEN/EE/2021/415,Esi Agyemang,Electrical Eng.,200,2,3.5,100.0,0.739,0,0,0,0,0
UEN/EE/2020/416,Kwabena Mensah,Electrical Eng.,100,1,3.29,70.3,0.754,1,0,0,0,0
UEN/CS/2021/417,Yaw Agyei,Computer Science,200,2,3.14,90.6,1.055,0,0,0,0,0
UEN/BA/2021/418,Kow Nyarko,Business Admin.,200,2,3.07,79.0,0.858,1,0,0,0,0
UEN/CS/2020/419,Fiifi Appiah,Computer Science,100,2,2.54,78.4,0.737,1,0,0,0,1
UEN/CS/2022/420,Efua Quartey,Computer Science,300,1,3.42,79.6,0.866,2,0,0,0,0
UEN/EE/2021/421,Kobby Adjei,Electrical Eng.,200,1,3.05,84.9,0.744,1,0,0,0,0
UEN/CS/2021/422,Serwaa Agyei,Computer Science,200,1,2.74,78.6,0.665,1,0,0,0,0
UEN/EE/2023/423,Ama Appiah,Electrical Eng.,400,1,2.48,39.6,0.521,3,1,1,0,1
UEN/BA/2020/424,Ewurama Quartey,Business Admin.,100,1,1.88,55.9,0.465,3,1,0,0,1
UEN/EE/2021/425,Kobby Bonsu,Electrical Eng.,200,2,3.9,93.0,0.927,1,0,0,0,0
UEN/EE/2021/426,Adwoa Owusu,Electrical Eng.,200,2,3.35,91.5,0.895,0,0,0,0,0
UEN/CS/2020/427,Abena Appiah,Computer Science,100,1,4.0,100.0,1.099,2,0,0,0,0
UEN/BA/2020/428,Kow Appiah,Business Admin.,100,1,3.8,91.8,0.967,0,0,0,0,0
UEN/EE/2023/429,Yaw Sarpong,Electrical Eng.,400,2,2.9,74.5,0.846,0,0,0,0,0
UEN/EE/2022/430,Ohemaa Adjei,Electrical Eng.,300,2,3.21,80.3,0.919,1,0,0,0,0
UEN/EE/2022/431,Nana Nyarko,Electrical Eng.,300,1,3.09,78.4,0.904,2,0,0,0,0
UEN/BA/2021/432,Yaw Appiah,Business Admin.,200,2,3.67,93.4,0.647,0,0,0,0,0
UEN/ME/2021/433,Akua Antwi,Mech. Engineering,200,2,2.09,64.7,0.63,2,0,0,0,1
UEN/CS/2020/434,Akosua Appiah,Computer Science,100,1,2.67,74.8,0.749,1,0,0,0,0
UEN/BA/2022/435,Ama Ansah,Business Admin.,300,2,3.87,83.4,1.127,0,0,0,0,0
UEN/EE/2022/436,Esi Antwi,Electrical Eng.,300,1,3.71,100.0,1.049,0,0,0,0,0
UEN/ME/2023/437,Kojo Mensah,Mech. Engineering,400,2,1.54,48.3,0.573,3,1,0,0,1
UEN/ME/2022/438,Yaw Boateng,Mech. Engineering,300,1,2.21,64.6,0.752,1,0,0,0,0
UEN/BA/2020/439,Ohemaa Twumasi,Business Admin.,100,2,3.24,90.6,0.793,1,0,0,0,0
UEN/EE/2020/440,Yaw Quartey,Electrical Eng.,100,1,2.78,100.0,0.785,1,0,0,0,0
UEN/BA/2022/441,Kobby Sarpong,Business Admin.,300,2,3.78,84.1,0.911,1,0,0,0,0
UEN/BA/2023/442,Kwesi Antwi,Business Admin.,400,2,3.19,96.4,0.673,1,0,0,0,0
UEN/ME/2020/443,Kwabena Asante,Mech. Engineering,100,2,3.35,87.0,0.755,0,0,0,0,0
UEN/CS/2020/444,Esi Fordjour,Computer Science,100,1,2.95,77.5,0.781,2,0,0,0,0
UEN/EE/2021/445,Kofi Antwi,Electrical Eng.,200,2,3.58,94.1,0.939,0,0,0,0,0
UEN/BA/2020/446,Maame Agyei,Business Admin.,100,1,3.39,76.8,0.756,0,0,0,0,0
UEN/CS/2021/447,Kow Fordjour,Computer Science,200,2,2.52,73.5,0.802,2,0,0,0,0
UEN/BA/2021/448,Abena Sarpong,Business Admin.,200,1,1.73,55.3,0.612,2,0,0,0,1
UEN/ME/2023/449,Ato Acheampong,Mech. Engineering,400,2,3.8,84.2,0.867,0,0,0,0,0
UEN/ME/2020/450,Kofi Fordjour,Mech. Engineering,100,2,2.78,86.5,0.897,0,0,0,0,0
UEN/CS/2021/451,Kwadwo Osei,Computer Science,200,2,3.04,81.6,0.67,1,0,0,0,0
UEN/ME/2021/452,Kofi Mensah,Mech. Engineering,200,1,2.65,83.1,0.749,1,0,0,0,0
UEN/ME/2021/453,Kweku Amoah,Mech. Engineering,200,2,2.82,64.9,0.707,2,0,0,0,1
UEN/EE/2020/454,Afia Danso,Electrical Eng.,100,2,4.0,99.1,0.922,0,0,0,0,0
UEN/BA/2021/455,Kwesi Adjei,Business Admin.,200,2,3.56,64.4,0.818,0,0,0,0,0
UEN/BA/2023/456,Kofi Fordjour,Business Admin.,400,2,2.3,92.9,0.633,1,0,0,0,0
UEN/CS/2021/457,Kofi Osei,Computer Science,200,2,2.53,79.6,0.87,2,0,0,0,0
UEN/EE/2022/458,Adjoa Asante,Electrical Eng.,300,2,3.14,69.9,0.661,3,0,0,0,0
UEN/CS/2020/459,Ato Danso,Computer Science,100,1,2.05,56.8,0.751,2,0,1,0,1
UEN/ME/2023/460,Kweku Owusu,Mech. Engineering,400,1,2.75,82.0,0.715,1,0,0,0,1
UEN/BA/2021/461,Ohemaa Fordjour,Business Admin.,200,1,2.62,97.0,0.951,0,0,0,0,0
UEN/BA/2023/462,Owusu Tawiah,Business Admin.,400,1,3.26,85.9,0.833,0,0,0,0,0
UEN/EE/2020/463,Kwame Frimpong,Electrical Eng.,100,1,2.79,58.4,0.843,1,0,0,0,0
UEN/CS/2022/464,Kojo Ansah,Computer Science,300,2,3.11,86.4,0.838,1,0,0,0,0
UEN/CS/2021/465,Abena Darko,Computer Science,200,1,3.0,80.9,0.724,2,0,0,0,0
UEN/EE/2021/466,Adjoa Bonsu,Electrical Eng.,200,1,2.93,77.1,0.765,0,0,0,0,0
UEN/EE/2020/467,Owusu Twumasi,Electrical Eng.,100,1,3.63,88.1,0.872,0,0,0,0,0
UEN/CS/2020/468,Ato Ntiamoah,Computer Science,100,1,3.0,78.9,0.633,1,0,0,0,0
UEN/EE/2020/469,Kwame Tawiah,Electrical Eng.,100,2,2.73,81.5,0.815,1,0,0,0,0
UEN/EE/2021/470,Ohemaa Quartey,Electrical Eng.,200,1,2.69,53.6,0.717,1,0,0,0,0
UEN/ME/2023/471,Efua Antwi,Mech. Engineering,400,1,3.12,84.4,0.975,1,0,0,0,0
UEN/CS/2022/472,Fiifi Owusu,Computer Science,300,1,1.55,75.3,0.642,2,1,0,0,1
UEN/EE/2021/473,Yaw Appiah,Electrical Eng.,200,2,3.26,73.1,0.957,1,0,0,0,0
UEN/BA/2022/474,Ama Nyarko,Business Admin.,300,2,3.56,81.1,0.92,0,0,0,0,0
UEN/CS/2021/475,Akua Kumi,Computer Science,200,1,3.85,100.0,1.034,0,0,0,0,0
UEN/ME/2020/476,Barimah Quartey,Mech. Engineering,100,2,2.77,70.4,0.812,2,0,0,0,0
UEN/CS/2021/477,Fiifi Adjei,Computer Science,200,1,2.42,68.1,0.864,1,0,0,0,0
UEN/CS/2020/478,Poku Twumasi,Computer Science,100,2,4.0,98.4,0.952,0,0,0,0,0
UEN/ME/2023/479,Akosua Kumi,Mech. Engineering,400,2,2.98,88.5,0.785,2,0,0,0,0
UEN/BA/2023/480,Kojo Fordjour,Business Admin.,400,2,3.52,82.3,0.883,0,0,0,0,0
UEN/CS/2023/481,Kobby Frimpong,Computer Science,400,1,3.52,93.8,0.987,0,0,0,0,0
UEN/ME/2022/482,Serwaa Ansah,Mech. Engineering,300,1,2.18,77.0,0.811,1,0,0,0,1
UEN/CS/2022/483,Maame Agyei,Computer Science,300,1,2.5,83.5,0.705,2,0,0,0,0
UEN/BA/2021/484,Serwaa Bonsu,Business Admin.,200,1,3.47,97.8,1.194,0,0,0,0,0
UEN/EE/2022/485,Asante Barimah,Electrical Eng.,300,1,2.86,82.6,0.882,1,0,0,0,0
UEN/BA/2021/486,Barimah Nyarko,Business Admin.,200,1,2.26,63.2,0.644,3,0,0,0,1
UEN/CS/2023/487,Barimah Asante,Computer Science,400,1,4.0,83.4,0.951,0,0,0,0,0
UEN/CS/2022/488,Kobby Antwi,Computer Science,300,1,3.54,94.0,0.9,1,0,0,0,0
UEN/CS/2021/489,Ohemaa Agyei,Computer Science,200,2,2.93,76.9,0.715,1,0,0,0,0
UEN/BA/2023/490,Owusu Agyemang,Business Admin.,400,1,3.43,86.2,0.883,0,0,0,0,0
UEN/EE/2022/491,Akosua Ntiamoah,Electrical Eng.,300,2,2.83,92.2,0.855,1,0,0,0,0
UEN/CS/2020/492,Ohemaa Asante,Computer Science,100,1,3.53,80.9,0.809,2,0,0,0,0
UEN/CS/2022/493,Owusu Owusu,Computer Science,300,1,1.65,59.0,0.771,2,1,0,0,1
UEN/BA/2021/494,Ohemaa Asante,Business Admin.,200,1,3.55,82.3,0.921,2,0,0,0,0
UEN/CS/2022/495,Kwame Twumasi,Computer Science,300,1,3.66,82.2,0.957,1,0,0,0,0
UEN/BA/2021/496,Akua Osei,Business Admin.,200,1,3.43,90.0,0.974,0,0,0,0,0
UEN/BA/2020/497,Poku Adjei,Business Admin.,100,1,2.53,59.2,0.6,2,0,1,0,1
UEN/CS/2021/498,Kweku Amoah,Computer Science,200,2,3.49,81.5,0.94,0,0,0,0,0
UEN/EE/2021/499,Akosua Asante,Electrical Eng.,200,2,1.49,73.6,0.696,3,1,0,1,1
UEN/ME/2021/500,Efua Frimpong,Mech. Engineering,200,2,2.8,75.3,0.839,1,0,0,0,0
UEN/CS/2022/501,Kobby Sarpong,Computer Science,300,2,2.3,71.3,0.854,1,0,0,0,1
UEN/ME/2022/502,Asante Asante,Mech. Engineering,300,1,2.6,85.3,0.815,0,0,0,0,0
UEN/BA/2020/503,Kwame Addo,Business Admin.,100,2,2.29,68.2,0.749,1,0,0,0,0
UEN/CS/2022/504,Afia Sarpong,Computer Science,300,1,2.73,79.8,0.807,1,0,0,0,0
UEN/ME/2021/505,Akosua Frimpong,Mech. Engineering,200,2,3.93,92.7,0.799,0,0,0,0,0
UEN/CS/2021/506,Poku Asante,Computer Science,200,2,3.38,90.3,0.759,0,0,0,0,0
UEN/ME/2021/507,Kwabena Bonsu,Mech. Engineering,200,2,3.24,99.4,1.032,0,0,0,0,0
UEN/CS/2022/508,Afia Darko,Computer Science,300,2,2.93,82.3,0.834,1,0,0,0,0
UEN/EE/2023/509,Kwabena Appiah,Electrical Eng.,400,1,2.86,87.1,0.964,1,0,0,0,0
UEN/BA/2022/510,Asante Asante,Business Admin.,300,2,2.42,63.4,0.681,3,1,1,0,1
UEN/ME/2023/511,Esi Boateng,Mech. Engineering,400,1,3.21,78.4,0.87,0,0,0,0,0
UEN/EE/2023/512,Poku Antwi,Electrical Eng.,400,1,2.96,76.1,0.957,1,0,0,0,0
UEN/BA/2023/513,Efua Boateng,Business Admin.,400,1,3.84,100.0,0.874,3,0,0,0,0
UEN/EE/2022/514,Fiifi Antwi,Electrical Eng.,300,1,3.82,79.3,0.88,0,0,0,0,0
UEN/ME/2022/515,Adwoa Darko,Mech. Engineering,300,1,4.0,76.3,1.079,1,0,0,0,0
UEN/EE/2020/516,Fiifi Agyemang,Electrical Eng.,100,2,3.05,92.2,0.895,1,0,0,0,0
UEN/ME/2020/517,Adwoa Quartey,Mech. Engineering,100,1,2.78,69.3,0.72,1,0,0,0,1
UEN/BA/2022/518,Esi Asante,Business Admin.,300,2,3.23,92.0,0.831,1,0,0,0,0
UEN/EE/2022/519,Serwaa Sarpong,Electrical Eng.,300,2,3.32,85.1,0.727,0,0,0,0,0
UEN/BA/2021/520,Kofi Bonsu,Business Admin.,200,2,3.01,73.2,1.024,0,0,0,0,0
UEN/CS/2022/521,Ohemaa Kumi,Computer Science,300,2,4.0,94.3,0.883,0,0,0,0,0
UEN/ME/2021/522,Adjoa Nyarko,Mech. Engineering,200,1,2.68,82.0,0.782,3,0,0,0,1
UEN/CS/2022/523,Kwabena Kumi,Computer Science,300,2,4.0,99.3,0.97,0,0,0,0,0
UEN/CS/2022/524,Asante Frimpong,Computer Science,300,2,2.74,59.2,0.484,2,0,1,0,1
UEN/BA/2021/525,Akosua Agyemang,Business Admin.,200,2,2.42,75.1,0.719,2,1,0,0,1
UEN/ME/2021/526,Kobby Appiah,Mech. Engineering,200,1,3.9,100.0,0.83,0,0,0,0,0
UEN/ME/2020/527,Yaw Adjei,Mech. Engineering,100,2,3.41,84.2,1.047,1,0,0,0,0
UEN/BA/2021/528,Kow Agyemang,Business Admin.,200,2,3.67,94.6,1.063,1,0,0,0,0
UEN/ME/2021/529,Abena Adjei,Mech. Engineering,200,2,3.1,98.3,0.985,1,0,0,0,0
UEN/ME/2020/530,Kwame Appiah,Mech. Engineering,100,1,2.65,82.3,0.744,2,0,0,0,0
UEN/BA/2020/531,Kofi Agyei,Business Admin.,100,1,4.0,93.8,0.958,0,0,0,0,0
UEN/EE/2020/532,Ato Twumasi,Electrical Eng.,100,2,3.04,73.5,0.856,1,0,0,0,0
UEN/EE/2021/533,Kwame Appiah,Electrical Eng.,200,2,1.9,61.0,0.513,2,0,0,0,1
UEN/CS/2022/534,Afia Frimpong,Computer Science,300,2,3.85,100.0,1.017,0,0,0,0,0
UEN/EE/2020/535,Kweku Agyei,Electrical Eng.,100,1,2.63,76.8,0.868,1,0,0,0,0
UEN/BA/2023/536,Kow Darko,Business Admin.,400,1,2.02,69.4,0.594,2,0,0,0,1
UEN/BA/2023/537,Fiifi Agyei,Business Admin.,400,1,2.39,59.6,0.572,3,0,0,0,1
UEN/CS/2023/538,Owusu Agyei,Computer Science,400,2,3.17,77.5,0.876,1,0,0,0,0
UEN/CS/2020/539,Kobby Agyei,Computer Science,100,2,3.43,90.4,0.873,2,0,0,0,0
UEN/EE/2021/540,Kwame Adjei,Electrical Eng.,200,2,2.58,80.2,0.855,2,0,1,0,1
UEN/CS/2022/541,Maame Appiah,Computer Science,300,1,3.18,99.6,1.131,0,0,0,0,0
UEN/CS/2021/542,Abena Acheampong,Computer Science,200,2,3.51,82.3,0.854,0,0,0,0,0
UEN/EE/2020/543,Kofi Addo,Electrical Eng.,100,1,2.54,86.2,0.531,1,0,0,0,0
UEN/EE/2022/544,Kojo Twumasi,Electrical Eng.,300,2,4.0,82.7,1.015,0,0,0,0,0
UEN/CS/2022/545,Maame Antwi,Computer Science,300,2,4.0,93.7,1.133,0,0,0,0,0
UEN/CS/2021/546,Kojo Asante,Computer Science,200,1,3.16,85.0,0.984,0,0,0,0,0
UEN/CS/2021/547,Adwoa Sarpong,Computer Science,200,1,3.83,100.0,0.724,0,0,0,0,0
UEN/BA/2022/548,Abena Ntiamoah,Business Admin.,300,2,2.85,72.1,0.861,1,0,0,0,0
UEN/BA/2022/549,Serwaa Danso,Business Admin.,300,2,3.5,79.5,0.733,0,0,0,0,0
UEN/EE/2020/550,Kobby Tawiah,Electrical Eng.,100,2,2.54,86.3,0.629,1,0,0,0,0
UEN/ME/2022/551,Afia Barimah,Mech. Engineering,300,2,2.78,71.5,0.852,2,0,0,0,0
UEN/EE/2021/552,Ohemaa Boateng,Electrical Eng.,200,2,2.9,69.9,0.84,1,0,0,0,0
UEN/CS/2022/553,Ewurama Kumi,Computer Science,300,2,3.3,80.9,0.749,1,0,0,0,0
UEN/EE/2023/554,Kwadwo Frimpong,Electrical Eng.,400,2,3.2,79.5,0.856,0,0,0,0,0
UEN/CS/2023/555,Kofi Addo,Computer Science,400,2,3.24,72.5,0.721,1,0,0,0,0
UEN/CS/2022/556,Kofi Twumasi,Computer Science,300,1,1.58,76.1,0.452,3,0,1,0,1
UEN/EE/2020/557,Adwoa Amoah,Electrical Eng.,100,2,2.16,70.1,0.676,1,0,0,0,1
UEN/CS/2023/558,Akua Owusu,Computer Science,400,1,3.31,86.6,1.085,2,0,0,0,0
UEN/CS/2021/559,Afia Boateng,Computer Science,200,2,3.45,98.9,0.742,1,0,0,0,0
UEN/CS/2021/560,Afia Danso,Computer Science,200,1,2.14,79.5,0.781,2,0,0,0,0
UEN/BA/2021/561,Esi Agyemang,Business Admin.,200,2,2.64,63.8,0.791,1,0,0,0,0
UEN/ME/2023/562,Asante Nyarko,Mech. Engineering,400,1,2.41,67.7,0.526,1,0,0,0,1
UEN/EE/2021/563,Owusu Boateng,Electrical Eng.,200,2,4.0,76.9,0.866,2,0,0,0,0
UEN/BA/2021/564,Barimah Antwi,Business Admin.,200,1,2.69,89.9,1.113,0,0,0,0,0
UEN/BA/2020/565,Adwoa Ansah,Business Admin.,100,2,1.27,54.7,0.638,2,1,1,0,1
UEN/ME/2023/566,Efua Osei,Mech. Engineering,400,2,3.31,71.7,0.801,2,0,0,0,0
UEN/EE/2021/567,Abena Ansah,Electrical Eng.,200,2,3.36,93.8,0.907,0,0,0,0,0
UEN/ME/2021/568,Kwadwo Addo,Mech. Engineering,200,1,3.33,83.1,1.002,0,0,0,0,0
UEN/CS/2020/569,Kofi Osei,Computer Science,100,1,3.83,85.9,0.886,0,0,0,0,0
UEN/ME/2021/570,Ohemaa Addo,Mech. Engineering,200,1,2.96,87.4,0.795,1,0,0,0,0
UEN/BA/2022/571,Owusu Tawiah,Business Admin.,300,1,3.62,89.1,1.052,0,0,0,0,0
UEN/ME/2020/572,Nana Antwi,Mech. Engineering,100,1,3.66,97.6,0.838,0,0,0,0,0
UEN/EE/2020/573,Kwesi Twumasi,Electrical Eng.,100,1,3.44,86.1,0.918,0,0,0,0,0
UEN/EE/2021/574,Kwesi Osei,Electrical Eng.,200,2,3.45,100.0,0.855,0,0,0,0,0
UEN/EE/2023/575,Esi Bonsu,Electrical Eng.,400,1,1.22,65.0,0.456,3,1,0,1,1
UEN/BA/2022/576,Asante Appiah,Business Admin.,300,2,3.69,100.0,0.901,0,0,0,0,0
UEN/BA/2023/577,Kwabena Mensah,Business Admin.,400,1,4.0,100.0,0.988,0,0,0,0,0
UEN/CS/2021/578,Kwadwo Asante,Computer Science,200,1,2.47,77.0,0.8,1,0,0,0,0
UEN/CS/2023/579,Maame Kumi,Computer Science,400,1,3.46,87.0,0.712,0,0,0,0,0
UEN/BA/2023/580,Ohemaa Addo,Business Admin.,400,1,3.47,99.7,0.867,0,0,0,0,0
UEN/BA/2022/581,Kobby Antwi,Business Admin.,300,1,3.59,76.0,0.962,1,0,0,0,0
UEN/ME/2021/582,Kwame Bonsu,Mech. Engineering,200,1,2.73,71.9,0.726,2,0,0,0,0
UEN/CS/2021/583,Kojo Kumi,Computer Science,200,2,2.27,52.5,0.735,2,1,0,0,1
UEN/CS/2022/584,Adwoa Fordjour,Computer Science,300,1,3.39,92.7,1.012,0,0,0,0,0
UEN/ME/2020/585,Yaw Addo,Mech. Engineering,100,2,2.35,80.6,0.856,1,0,0,0,0
UEN/EE/2022/586,Kwesi Agyei,Electrical Eng.,300,2,2.78,78.3,1.01,2,0,0,0,0
UEN/ME/2023/587,Maame Fordjour,Mech. Engineering,400,2,3.06,87.7,0.559,1,0,0,0,0
UEN/CS/2022/588,Esi Asante,Computer Science,300,2,2.8,84.1,0.805,1,0,0,0,0
UEN/CS/2020/589,Kwame Agyei,Computer Science,100,2,3.11,92.3,0.815,1,0,0,0,0
UEN/CS/2023/590,Yaw Asante,Computer Science,400,2,3.58,87.7,0.936,0,0,0,0,0
UEN/EE/2020/591,Afia Owusu,Electrical Eng.,100,1,3.49,98.1,0.928,0,0,0,0,0
UEN/BA/2021/592,Ohemaa Danso,Business Admin.,200,2,2.29,59.0,0.497,2,0,0,0,1
UEN/CS/2020/593,Efua Owusu,Computer Science,100,1,3.36,79.8,0.836,1,0,0,0,0
UEN/BA/2023/594,Abena Frimpong,Business Admin.,400,1,2.26,50.9,0.663,2,0,0,0,1
UEN/CS/2023/595,Kwame Adjei,Computer Science,400,1,3.12,77.6,0.868,1,0,0,0,0
UEN/EE/2022/596,Adjoa Boateng,Electrical Eng.,300,1,2.43,78.9,0.778,1,0,0,0,0
UEN/EE/2021/597,Maame Twumasi,Electrical Eng.,200,2,3.68,68.1,0.839,0,0,0,0,0
UEN/CS/2022/598,Akosua Adjei,Computer Science,300,1,3.49,89.2,0.762,0,0,0,0,0
UEN/CS/2023/599,Barimah Darko,Computer Science,400,2,3.24,91.2,0.803,0,0,0,0,0
UEN/EE/2021/600,Ama Frimpong,Electrical Eng.,200,1,3.0,82.2,0.649,2,0,0,0,0
UEN/ME/2022/601,Kobby Mensah,Mech. Engineering,300,1,3.69,99.0,0.757,0,0,0,0,0
UEN/CS/2020/602,Kwadwo Agyemang,Computer Science,100,1,3.72,98.6,1.015,1,0,0,0,0
UEN/EE/2020/603,Ato Agyemang,Electrical Eng.,100,1,3.87,85.9,0.855,0,0,0,0,0
UEN/BA/2023/604,Adwoa Acheampong,Business Admin.,400,2,2.5,76.3,0.571,1,0,0,0,0
UEN/EE/2021/605,Kow Antwi,Electrical Eng.,200,1,3.56,91.0,1.023,0,0,0,0,0
UEN/BA/2023/606,Kofi Asante,Business Admin.,400,2,2.35,64.2,0.609,2,1,0,0,1
UEN/BA/2021/607,Ama Adjei,Business Admin.,200,2,3.51,91.2,0.844,0,0,0,0,0
UEN/EE/2020/608,Maame Tawiah,Electrical Eng.,100,1,2.68,91.1,0.798,2,0,0,0,0
UEN/CS/2022/609,Kofi Frimpong,Computer Science,300,1,3.31,51.6,0.723,2,0,0,0,0
UEN/CS/2020/610,Barimah Adjei,Computer Science,100,2,2.81,71.1,1.042,1,0,0,0,0
UEN/CS/2020/611,Ama Boateng,Computer Science,100,1,2.65,79.3,0.798,1,0,0,0,0
UEN/CS/2021/612,Asante Darko,Computer Science,200,1,1.98,74.0,0.64,2,0,0,0,1
UEN/CS/2022/613,Kwadwo Mensah,Computer Science,300,2,2.85,84.1,0.792,1,0,0,0,0
UEN/BA/2020/614,Adjoa Adjei,Business Admin.,100,2,2.35,65.4,0.702,1,0,0,0,0
UEN/BA/2022/615,Akua Appiah,Business Admin.,300,1,1.34,72.1,0.611,2,0,0,1,1
UEN/BA/2021/616,Poku Appiah,Business Admin.,200,2,3.15,79.4,0.738,0,0,0,0,0
UEN/BA/2022/617,Poku Acheampong,Business Admin.,300,1,3.5,86.8,0.832,0,0,0,0,0
UEN/EE/2021/618,Ewurama Ansah,Electrical Eng.,200,2,2.66,95.5,0.971,1,0,0,0,0
UEN/BA/2022/619,Maame Mensah,Business Admin.,300,1,4.0,82.1,0.985,0,0,0,0,0
UEN/EE/2022/620,Akosua Appiah,Electrical Eng.,300,2,3.15,100.0,1.025,0,0,0,0,0
UEN/BA/2021/621,Nana Agyei,Business Admin.,200,1,3.33,96.9,0.872,0,0,0,0,0
UEN/BA/2022/622,Ama Danso,Business Admin.,300,1,2.83,99.1,0.822,0,0,0,0,0
UEN/CS/2023/623,Abena Asante,Computer Science,400,2,3.04,87.0,0.796,1,0,0,0,0
UEN/BA/2020/624,Kwesi Ntiamoah,Business Admin.,100,1,2.94,82.5,0.735,2,0,0,0,0
UEN/EE/2023/625,Fiifi Agyemang,Electrical Eng.,400,2,3.4,98.4,0.953,0,0,0,0,0
UEN/CS/2023/626,Owusu Quartey,Computer Science,400,2,2.93,77.7,0.867,1,0,0,0,0
UEN/ME/2023/627,Kow Boateng,Mech. Engineering,400,2,2.44,60.5,0.667,1,0,0,0,1
UEN/CS/2020/628,Kweku Ansah,Computer Science,100,1,2.59,65.5,0.62,2,1,1,0,1
UEN/CS/2023/629,Maame Frimpong,Computer Science,400,2,2.79,90.1,0.753,1,0,0,0,0
UEN/CS/2021/630,Kow Addo,Computer Science,200,2,3.8,98.8,0.962,0,0,0,0,0
UEN/EE/2023/631,Kwadwo Twumasi,Electrical Eng.,400,2,3.27,91.8,0.79,0,0,0,0,0
UEN/CS/2023/632,Asante Asante,Computer Science,400,2,2.89,66.8,0.754,2,0,0,0,0
UEN/CS/2020/633,Ato Asante,Computer Science,100,2,1.73,57.2,0.468,2,1,1,0,1
UEN/EE/2021/634,Serwaa Ntiamoah,Electrical Eng.,200,1,3.61,80.2,0.996,0,0,0,0,0
UEN/ME/2022/635,Kobby Bonsu,Mech. Engineering,300,2,3.2,73.4,0.84,0,0,0,0,0
UEN/CS/2023/636,Afia Tawiah,Computer Science,400,2,3.22,90.5,0.852,1,0,0,0,0
UEN/BA/2020/637,Yaw Ansah,Business Admin.,100,2,3.3,75.5,0.818,1,0,0,0,0
UEN/BA/2020/638,Ewurama Barimah,Business Admin.,100,1,4.0,86.7,0.932,0,0,0,0,0
UEN/ME/2022/639,Kobby Boateng,Mech. Engineering,300,2,2.63,67.0,0.659,1,0,0,0,0
UEN/BA/2023/640,Adwoa Agyemang,Business Admin.,400,2,3.25,87.8,0.945,0,0,0,0,0
UEN/BA/2021/641,Kwadwo Adjei,Business Admin.,200,1,2.53,67.5,0.807,1,0,0,0,0
UEN/CS/2021/642,Fiifi Appiah,Computer Science,200,1,2.94,83.5,0.757,1,0,0,0,0
UEN/BA/2023/643,Kwesi Frimpong,Business Admin.,400,2,2.45,79.7,0.942,1,0,0,0,0
UEN/EE/2022/644,Akosua Nyarko,Electrical Eng.,300,1,3.22,84.0,0.755,1,0,0,0,0
UEN/BA/2022/645,Kwesi Bonsu,Business Admin.,300,2,3.22,89.2,0.919,1,0,0,0,0
UEN/EE/2020/646,Akua Acheampong,Electrical Eng.,100,1,2.4,100.0,0.743,1,0,0,0,0
UEN/BA/2021/647,Owusu Ntiamoah,Business Admin.,200,1,3.56,69.2,0.856,0,0,0,0,0
UEN/BA/2022/648,Adjoa Fordjour,Business Admin.,300,2,3.73,89.0,0.826,1,0,0,0,0
UEN/CS/2023/649,Kwesi Fordjour,Computer Science,400,1,2.72,70.9,0.608,1,0,0,0,1
UEN/ME/2023/650,Poku Agyei,Mech. Engineering,400,2,2.43,74.6,0.84,1,0,0,0,1
UEN/BA/2020/651,Kwabena Barimah,Business Admin.,100,2,3.48,79.2,0.97,0,0,0,0,0
UEN/CS/2023/652,Nana Osei,Computer Science,400,1,2.4,82.7,0.795,1,0,0,0,0
UEN/BA/2023/653,Esi Ansah,Business Admin.,400,2,3.13,84.7,0.816,1,0,0,0,0
UEN/EE/2022/654,Yaw Asante,Electrical Eng.,300,1,2.85,90.9,0.815,2,0,0,0,0
UEN/EE/2023/655,Ato Owusu,Electrical Eng.,400,1,4.0,99.1,0.944,1,0,0,0,0
UEN/EE/2020/656,Ohemaa Kumi,Electrical Eng.,100,1,3.38,89.3,0.857,1,0,0,0,0
UEN/EE/2021/657,Poku Owusu,Electrical Eng.,200,1,3.73,91.7,0.987,0,0,0,0,0
UEN/CS/2022/658,Abena Boateng,Computer Science,300,1,3.22,94.6,0.799,1,0,0,0,0
UEN/ME/2021/659,Nana Agyei,Mech. Engineering,200,1,3.04,94.3,0.961,0,0,0,0,0
UEN/EE/2021/660,Nana Agyemang,Electrical Eng.,200,2,3.41,93.2,0.899,0,0,0,0,0
UEN/CS/2020/661,Poku Mensah,Computer Science,100,1,3.44,99.7,0.939,0,0,0,0,0
UEN/EE/2022/662,Kwabena Osei,Electrical Eng.,300,1,3.52,83.2,0.965,0,0,0,0,0
UEN/BA/2022/663,Asante Ntiamoah,Business Admin.,300,1,3.27,72.6,0.844,1,0,0,0,0
UEN/BA/2020/664,Abena Asante,Business Admin.,100,2,3.5,92.3,0.864,0,0,0,0,0
UEN/CS/2021/665,Yaw Danso,Computer Science,200,2,3.57,94.3,0.81,0,0,0,0,0
UEN/BA/2022/666,Abena Antwi,Business Admin.,300,1,3.21,69.7,0.86,1,0,0,0,0
UEN/ME/2020/667,Kwame Agyemang,Mech. Engineering,100,1,3.63,86.4,0.704,0,0,0,0,0
UEN/BA/2022/668,Kwame Tawiah,Business Admin.,300,2,3.64,97.5,0.858,0,0,0,0,0
UEN/EE/2023/669,Ama Twumasi,Electrical Eng.,400,2,2.89,79.5,0.755,1,0,0,0,0
UEN/ME/2023/670,Abena Bonsu,Mech. Engineering,400,2,3.49,81.4,0.83,1,0,0,0,0
UEN/EE/2022/671,Asante Osei,Electrical Eng.,300,2,4.0,100.0,1.021,0,0,0,0,0
UEN/BA/2022/672,Nana Agyei,Business Admin.,300,1,2.97,92.2,0.984,1,0,0,0,0
UEN/CS/2020/673,Adjoa Boateng,Computer Science,100,1,2.29,88.7,0.749,1,0,0,0,0
UEN/EE/2023/674,Akua Amoah,Electrical Eng.,400,1,2.91,86.6,0.818,1,0,0,0,0
UEN/EE/2022/675,Akua Frimpong,Electrical Eng.,300,1,2.73,84.3,0.8,2,0,0,0,0
UEN/EE/2023/676,Efua Agyei,Electrical Eng.,400,1,2.5,77.4,0.788,1,0,0,0,0
UEN/BA/2023/677,Akua Barimah,Business Admin.,400,1,3.26,76.8,0.856,0,0,0,0,0
UEN/CS/2021/678,Kwame Adjei,Computer Science,200,2,3.38,89.7,1.037,0,0,0,0,0
UEN/EE/2021/679,Nana Addo,Electrical Eng.,200,2,3.75,100.0,0.805,1,0,0,0,0
UEN/BA/2023/680,Fiifi Antwi,Business Admin.,400,2,3.72,95.4,0.792,0,0,0,0,0
UEN/EE/2021/681,Asante Boateng,Electrical Eng.,200,2,3.4,76.8,1.051,0,0,0,0,0
UEN/EE/2020/682,Abena Addo,Electrical Eng.,100,2,3.59,100.0,0.951,0,0,0,0,0
UEN/CS/2020/683,Adwoa Nyarko,Computer Science,100,2,3.37,98.1,0.806,0,0,0,0,0
UEN/CS/2020/684,Poku Kumi,Computer Science,100,1,2.5,84.4,0.768,1,0,0,0,0
UEN/BA/2022/685,Adjoa Amoah,Business Admin.,300,2,2.94,68.4,0.784,1,0,0,0,0
UEN/BA/2021/686,Efua Appiah,Business Admin.,200,2,1.93,63.0,0.689,2,1,0,0,1
UEN/ME/2023/687,Ama Frimpong,Mech. Engineering,400,1,3.43,77.8,1.015,0,0,0,0,0
UEN/EE/2020/688,Poku Twumasi,Electrical Eng.,100,2,3.01,80.0,0.782,0,0,0,0,0
UEN/BA/2020/689,Kojo Osei,Business Admin.,100,1,3.08,68.2,0.538,1,0,0,0,0
UEN/EE/2022/690,Nana Sarpong,Electrical Eng.,300,2,3.46,100.0,0.834,0,0,0,0,0
UEN/CS/2023/691,Ato Darko,Computer Science,400,1,2.98,74.2,0.78,1,0,0,0,0
UEN/EE/2021/692,Kofi Osei,Electrical Eng.,200,1,2.45,70.6,0.752,2,0,0,0,1
UEN/ME/2023/693,Kwame Kumi,Mech. Engineering,400,1,2.38,66.6,0.695,3,0,0,0,1
UEN/ME/2020/694,Asante Kumi,Mech. Engineering,100,2,3.22,82.7,0.809,1,0,0,0,0
UEN/CS/2022/695,Adjoa Danso,Computer Science,300,1,3.19,74.8,0.857,1,0,0,0,0
UEN/CS/2023/696,Esi Appiah,Computer Science,400,1,3.58,82.0,0.923,1,0,0,0,0
UEN/ME/2022/697,Abena Antwi,Mech. Engineering,300,2,2.49,63.2,0.91,2,0,0,0,1
UEN/CS/2020/698,Ama Acheampong,Computer Science,100,1,3.47,83.4,0.991,1,0,0,0,0
UEN/CS/2022/699,Kweku Boateng,Computer Science,300,2,2.41,80.0,0.534,1,0,0,0,0
UEN/BA/2021/700,Afia Addo,Business Admin.,200,2,3.42,84.9,0.963,1,0,0,0,0
UEN/CS/2022/701,Kwame Ansah,Computer Science,300,1,1.26,57.0,0.565,2,0,1,1,1
UEN/EE/2021/702,Efua Frimpong,Electrical Eng.,200,2,3.21,96.8,0.869,1,0,0,0,0
UEN/CS/2023/703,Yaw Ntiamoah,Computer Science,400,1,3.63,64.7,0.729,1,0,0,0,0
UEN/BA/2022/704,Serwaa Agyei,Business Admin.,300,2,3.04,74.0,0.886,2,0,0,0,0
UEN/CS/2020/705,Ama Frimpong,Computer Science,100,1,3.44,78.9,0.894,1,0,0,0,0
UEN/ME/2020/706,Adwoa Amoah,Mech. Engineering,100,1,2.84,80.2,0.757,1,0,0,0,0
UEN/BA/2023/707,Akosua Asante,Business Admin.,400,1,3.65,82.8,0.81,0,0,0,0,0
UEN/EE/2023/708,Kwabena Amoah,Electrical Eng.,400,2,3.45,77.3,0.83,0,0,0,0,0
UEN/ME/2022/709,Kobby Adjei,Mech. Engineering,300,1,3.67,85.9,0.964,0,0,0,0,0
UEN/CS/2022/710,Adwoa Appiah,Computer Science,300,2,3.06,83.4,0.908,0,0,0,0,0
UEN/CS/2023/711,Serwaa Sarpong,Computer Science,400,1,2.75,68.1,0.699,1,0,0,0,0
UEN/EE/2021/712,Maame Acheampong,Electrical Eng.,200,1,3.34,76.3,0.782,2,0,0,0,0
UEN/ME/2020/713,Barimah Frimpong,Mech. Engineering,100,1,3.2,84.2,0.75,2,0,0,0,0
UEN/EE/2023/714,Ama Boateng,Electrical Eng.,400,1,3.68,77.9,0.817,1,0,0,0,0
UEN/ME/2020/715,Kobby Danso,Mech. Engineering,100,1,2.42,85.0,0.655,2,0,0,0,0
UEN/CS/2022/716,Kwesi Barimah,Computer Science,300,2,2.85,99.0,0.835,0,0,0,0,0
UEN/EE/2020/717,Kweku Owusu,Electrical Eng.,100,2,2.9,74.0,0.871,1,0,0,0,0
UEN/CS/2021/718,Kwabena Ntiamoah,Computer Science,200,1,2.93,97.5,0.901,0,0,0,0,0
UEN/CS/2023/719,Fiifi Asante,Computer Science,400,2,3.77,81.5,0.994,1,0,0,0,0
UEN/BA/2023/720,Serwaa Quartey,Business Admin.,400,1,3.31,96.6,0.774,0,0,0,0,0
UEN/BA/2021/721,Kwesi Barimah,Business Admin.,200,2,2.91,88.3,0.779,1,0,0,0,0
UEN/EE/2020/722,Fiifi Frimpong,Electrical Eng.,100,2,3.2,76.2,0.893,1,0,0,0,0
UEN/CS/2023/723,Maame Osei,Computer Science,400,2,3.03,77.9,0.779,1,0,0,0,0
UEN/EE/2020/724,Ohemaa Ansah,Electrical Eng.,100,2,3.52,100.0,1.047,0,0,0,0,0
UEN/EE/2023/725,Kojo Asante,Electrical Eng.,400,2,3.0,81.3,0.657,1,0,0,0,0
UEN/BA/2021/726,Yaw Mensah,Business Admin.,200,1,3.9,85.1,0.75,0,0,0,0,0
UEN/BA/2021/727,Akosua Nyarko,Business Admin.,200,2,4.0,91.0,1.077,0,0,0,0,0
UEN/BA/2023/728,Kweku Appiah,Business Admin.,400,2,3.06,79.8,0.768,1,0,0,0,0
UEN/CS/2021/729,Kwabena Twumasi,Computer Science,200,1,3.14,78.9,0.654,1,0,0,0,0
UEN/EE/2022/730,Ewurama Twumasi,Electrical Eng.,300,1,2.37,86.9,0.662,1,0,0,0,0
UEN/BA/2020/731,Kobby Twumasi,Business Admin.,100,1,3.51,80.9,0.993,1,0,0,0,0
UEN/BA/2022/732,Barimah Barimah,Business Admin.,300,1,3.73,94.0,0.921,1,0,0,0,0
UEN/CS/2021/733,Kow Barimah,Computer Science,200,1,2.39,47.8,0.626,3,0,1,0,1
UEN/EE/2020/734,Nana Nyarko,Electrical Eng.,100,2,3.04,69.5,0.871,1,0,0,0,0
UEN/BA/2023/735,Asante Sarpong,Business Admin.,400,2,2.73,92.6,0.659,1,0,0,0,0
UEN/ME/2021/736,Akosua Appiah,Mech. Engineering,200,1,3.17,87.9,0.867,2,0,0,0,0
UEN/CS/2020/737,Adjoa Bonsu,Computer Science,100,2,3.89,100.0,0.766,0,0,0,0,0
UEN/ME/2023/738,Kobby Addo,Mech. Engineering,400,2,3.98,96.4,1.002,0,0,0,0,0
UEN/CS/2022/739,Efua Twumasi,Computer Science,300,2,2.33,60.0,0.804,2,0,0,0,1
UEN/ME/2022/740,Esi Nyarko,Mech. Engineering,300,2,3.99,84.8,0.978,1,0,0,0,0
UEN/CS/2021/741,Kofi Mensah,Computer Science,200,2,3.3,95.5,0.933,0,0,0,0,0
UEN/ME/2021/742,Akosua Mensah,Mech. Engineering,200,1,2.74,79.2,0.971,1,0,0,0,0
UEN/EE/2020/743,Maame Fordjour,Electrical Eng.,100,2,2.63,81.4,0.868,0,0,0,0,0
UEN/CS/2021/744,Ama Darko,Computer Science,200,1,2.57,86.9,0.833,1,0,0,0,0
UEN/CS/2023/745,Barimah Osei,Computer Science,400,1,3.65,90.8,0.953,0,0,0,0,0
UEN/BA/2020/746,Kow Osei,Business Admin.,100,2,3.5,86.7,0.928,1,0,0,0,0
UEN/EE/2023/747,Serwaa Frimpong,Electrical Eng.,400,1,3.41,85.3,0.794,0,0,0,0,0
UEN/EE/2022/748,Asante Ntiamoah,Electrical Eng.,300,2,3.09,98.8,0.745,0,0,0,0,0
UEN/ME/2020/749,Kofi Appiah,Mech. Engineering,100,1,3.36,89.4,0.91,0,0,0,0,0
UEN/BA/2023/750,Esi Ansah,Business Admin.,400,2,3.1,95.6,0.977,0,0,0,0,0
UEN/ME/2022/751,Akosua Fordjour,Mech. Engineering,300,2,3.19,77.2,0.928,1,0,0,0,0
UEN/BA/2023/752,Adwoa Quartey,Business Admin.,400,1,3.81,87.1,1.064,0,0,0,0,0
UEN/BA/2023/753,Poku Owusu,Business Admin.,400,2,2.19,61.3,0.757,2,0,0,0,0
UEN/CS/2021/754,Afia Ntiamoah,Computer Science,200,2,3.8,87.8,0.969,1,0,0,0,0
UEN/CS/2020/755,Kobby Nyarko,Computer Science,100,1,2.86,82.8,0.851,2,0,0,0,0
UEN/EE/2021/756,Esi Addo,Electrical Eng.,200,2,1.95,78.5,0.699,3,0,1,0,1
UEN/ME/2023/757,Kojo Adjei,Mech. Engineering,400,2,2.47,82.2,0.797,1,0,0,0,0
UEN/EE/2021/758,Kwadwo Kumi,Electrical Eng.,200,2,2.53,73.3,0.972,3,0,1,0,1
UEN/ME/2020/759,Kwadwo Antwi,Mech. Engineering,100,2,2.83,84.9,0.875,1,0,0,0,0
UEN/CS/2023/760,Barimah Agyei,Computer Science,400,1,3.39,92.4,0.788,0,0,0,0,0
UEN/CS/2022/761,Afia Twumasi,Computer Science,300,2,2.39,81.8,0.635,1,0,0,0,0
UEN/EE/2021/762,Ohemaa Ntiamoah,Electrical Eng.,200,1,3.61,99.7,1.008,0,0,0,0,0
UEN/EE/2023/763,Efua Barimah,Electrical Eng.,400,1,3.55,86.8,0.909,0,0,0,0,0
UEN/ME/2022/764,Ato Acheampong,Mech. Engineering,300,1,2.64,84.3,0.74,1,0,0,0,0
UEN/ME/2021/765,Efua Danso,Mech. Engineering,200,2,2.77,88.2,0.775,0,0,0,0,0
UEN/BA/2020/766,Kojo Sarpong,Business Admin.,100,2,2.97,53.6,0.89,1,0,0,0,0
UEN/EE/2021/767,Maame Nyarko,Electrical Eng.,200,2,2.64,73.5,0.807,2,0,0,0,0
UEN/CS/2021/768,Asante Kumi,Computer Science,200,2,2.66,77.7,0.967,1,0,0,0,0
UEN/CS/2021/769,Ama Owusu,Computer Science,200,2,3.44,97.6,0.834,0,0,0,0,0
UEN/BA/2021/770,Kobby Boateng,Business Admin.,200,1,2.33,81.3,0.704,1,0,0,0,0
UEN/BA/2021/771,Ohemaa Darko,Business Admin.,200,2,3.41,82.5,0.911,1,0,0,0,0
UEN/CS/2022/772,Akua Agyei,Computer Science,300,1,3.42,86.8,0.863,2,0,0,0,0
UEN/ME/2021/773,Ama Addo,Mech. Engineering,200,1,3.53,92.5,0.837,0,0,0,0,0
UEN/CS/2023/774,Abena Boateng,Computer Science,400,2,2.79,93.6,0.975,1,0,0,0,0
UEN/EE/2023/775,Kofi Asante,Electrical Eng.,400,2,3.17,79.1,0.924,0,0,0,0,0
UEN/CS/2023/776,Esi Adjei,Computer Science,400,2,3.54,79.8,0.88,0,0,0,0,0
UEN/EE/2023/777,Kwesi Quartey,Electrical Eng.,400,1,3.35,98.1,0.882,0,0,0,0,0
UEN/BA/2023/778,Adjoa Asante,Business Admin.,400,1,3.72,100.0,0.945,0,0,0,0,0
UEN/CS/2020/779,Poku Fordjour,Computer Science,100,1,4.0,95.3,0.962,0,0,0,0,0
UEN/EE/2021/780,Kow Bonsu,Electrical Eng.,200,2,2.4,69.2,0.787,2,0,0,0,0
UEN/CS/2020/781,Nana Mensah,Computer Science,100,1,2.59,68.3,0.843,1,0,0,0,0
UEN/ME/2023/782,Kow Ansah,Mech. Engineering,400,1,3.38,89.7,1.149,1,0,0,0,0
UEN/EE/2021/783,Barimah Kumi,Electrical Eng.,200,1,3.48,88.5,0.818,1,0,0,0,0
UEN/ME/2022/784,Ama Mensah,Mech. Engineering,300,2,3.05,70.7,0.881,2,0,1,0,1
UEN/EE/2020/785,Ohemaa Sarpong,Electrical Eng.,100,2,3.58,100.0,1.059,0,0,0,0,0
UEN/CS/2020/786,Nana Darko,Computer Science,100,2,3.34,83.2,0.963,1,0,0,0,0
UEN/BA/2020/787,Kofi Agyei,Business Admin.,100,2,3.59,82.8,0.788,2,0,0,0,0
UEN/BA/2022/788,Ohemaa Acheampong,Business Admin.,300,2,3.82,96.6,0.959,0,0,0,0,0
UEN/CS/2022/789,Akosua Appiah,Computer Science,300,1,3.11,68.0,0.949,3,0,0,0,0
UEN/ME/2022/790,Kow Kumi,Mech. Engineering,300,2,3.37,60.7,0.895,1,0,0,0,0
UEN/ME/2020/791,Kobby Osei,Mech. Engineering,100,2,3.47,100.0,0.93,0,0,0,0,0
UEN/CS/2022/792,Kobby Ansah,Computer Science,300,2,3.57,84.7,0.994,0,0,0,0,0
UEN/BA/2023/793,Abena Bonsu,Business Admin.,400,1,3.36,88.6,1.041,0,0,0,0,0
UEN/CS/2020/794,Kojo Asante,Computer Science,100,1,2.68,68.5,0.744,1,0,0,0,1
UEN/BA/2022/795,Ohemaa Boateng,Business Admin.,300,1,3.34,93.5,0.883,0,0,0,0,0
UEN/ME/2022/796,Ama Agyei,Mech. Engineering,300,2,3.0,90.6,0.903,1,0,0,0,0
UEN/BA/2020/797,Kwabena Osei,Business Admin.,100,1,3.36,91.0,0.918,1,0,0,0,0
UEN/ME/2020/798,Maame Tawiah,Mech. Engineering,100,1,2.49,78.7,0.906,1,0,0,0,0
UEN/EE/2021/799,Nana Owusu,Electrical Eng.,200,2,3.31,81.2,0.73,1,0,0,0,0
UEN/EE/2022/800,Kwadwo Frimpong,Electrical Eng.,300,2,1.99,57.5,0.696,4,1,0,0,1
UEN/ME/2020/801,Abena Frimpong,Mech. Engineering,100,1,3.18,92.0,0.745,1,0,0,0,0
UEN/CS/2021/802,Barimah Addo,Computer Science,200,1,3.7,77.0,0.763,0,0,0,0,0
UEN/BA/2022/803,Kwame Danso,Business Admin.,300,2,3.39,100.0,0.929,1,0,0,0,0
UEN/CS/2020/804,Maame Danso,Computer Science,100,1,2.63,84.6,0.748,2,0,0,0,0
UEN/BA/2021/805,Kwadwo Asante,Business Admin.,200,2,3.04,59.4,0.778,3,0,0,0,0
UEN/ME/2022/806,Adjoa Quartey,Mech. Engineering,300,2,3.9,100.0,1.093,0,0,0,0,0
UEN/BA/2020/807,Kow Tawiah,Business Admin.,100,2,3.13,68.3,0.717,1,0,0,0,0
UEN/ME/2021/808,Fiifi Ansah,Mech. Engineering,200,1,2.33,70.4,0.586,1,0,0,0,1
UEN/CS/2021/809,Owusu Addo,Computer Science,200,2,3.52,95.4,0.72,0,0,0,0,0
UEN/CS/2020/810,Akua Barimah,Computer Science,100,2,3.46,85.8,0.741,0,0,0,0,0
UEN/CS/2022/811,Adjoa Danso,Computer Science,300,1,2.37,86.2,0.978,3,0,0,0,0
UEN/BA/2020/812,Efua Amoah,Business Admin.,100,2,3.46,100.0,1.012,0,0,0,0,0
UEN/BA/2022/813,Kwadwo Ansah,Business Admin.,300,2,2.72,79.5,0.49,2,0,1,0,0
UEN/CS/2021/814,Maame Kumi,Computer Science,200,1,3.57,84.2,1.081,0,0,0,0,0
UEN/EE/2021/815,Ewurama Kumi,Electrical Eng.,200,1,1.89,73.0,0.732,2,0,0,0,1
UEN/ME/2021/816,Ewurama Ansah,Mech. Engineering,200,2,3.3,96.6,0.855,1,0,0,0,0
UEN/BA/2023/817,Kofi Agyei,Business Admin.,400,2,2.57,66.0,0.73,2,0,0,0,0
UEN/CS/2022/818,Abena Osei,Computer Science,300,2,3.17,80.5,0.757,1,0,0,0,0
UEN/EE/2023/819,Abena Agyemang,Electrical Eng.,400,2,3.28,100.0,1.093,0,0,0,0,0
UEN/EE/2021/820,Efua Frimpong,Electrical Eng.,200,1,1.6,64.6,0.633,2,0,0,0,1
UEN/BA/2022/821,Ama Darko,Business Admin.,300,1,1.96,52.5,0.607,2,0,0,0,1
UEN/EE/2021/822,Kofi Twumasi,Electrical Eng.,200,1,3.5,78.1,0.88,1,0,0,0,0
UEN/BA/2022/823,Kwame Frimpong,Business Admin.,300,1,3.25,99.8,1.018,0,0,0,0,0
UEN/CS/2021/824,Barimah Acheampong,Computer Science,200,2,3.56,100.0,0.943,0,0,0,0,0
UEN/CS/2022/825,Adjoa Amoah,Computer Science,300,1,2.36,85.2,1.03,2,0,0,0,0
UEN/ME/2021/826,Fiifi Kumi,Mech. Engineering,200,2,2.72,66.0,0.636,2,0,1,0,1
UEN/BA/2022/827,Asante Appiah,Business Admin.,300,2,2.72,67.3,0.77,1,0,0,0,0
UEN/CS/2021/828,Fiifi Asante,Computer Science,200,2,2.99,59.7,0.849,1,0,0,0,1
UEN/BA/2022/829,Nana Tawiah,Business Admin.,300,1,3.92,100.0,0.979,0,0,0,0,0
UEN/ME/2020/830,Serwaa Osei,Mech. Engineering,100,2,4.0,87.4,0.921,1,0,0,0,0
UEN/BA/2020/831,Kwadwo Osei,Business Admin.,100,2,3.11,85.5,1.01,0,0,0,0,0
UEN/CS/2023/832,Kwadwo Acheampong,Computer Science,400,2,2.97,78.0,0.761,1,0,0,0,0
UEN/EE/2020/833,Kojo Sarpong,Electrical Eng.,100,2,2.31,67.5,0.79,1,0,0,0,0
UEN/ME/2023/834,Akosua Boateng,Mech. Engineering,400,2,3.8,100.0,1.011,2,0,0,0,0
UEN/BA/2020/835,Fiifi Twumasi,Business Admin.,100,1,3.37,83.0,0.948,0,0,0,0,0
UEN/BA/2022/836,Ohemaa Boateng,Business Admin.,300,2,2.06,69.6,0.794,1,0,0,0,0
UEN/EE/2020/837,Kwabena Kumi,Electrical Eng.,100,2,2.76,84.4,0.691,1,0,0,0,0
UEN/BA/2021/838,Kojo Frimpong,Business Admin.,200,1,3.13,96.8,1.047,0,0,0,0,0
UEN/CS/2021/839,Akosua Barimah,Computer Science,200,1,3.11,84.6,0.829,2,0,0,0,0
UEN/BA/2023/840,Kojo Amoah,Business Admin.,400,2,4.0,97.7,0.851,0,0,0,0,0
UEN/EE/2023/841,Kwesi Ansah,Electrical Eng.,400,1,3.14,82.1,0.945,1,0,0,0,0
UEN/CS/2022/842,Adjoa Mensah,Computer Science,300,1,3.37,97.7,0.87,0,0,0,0,0
UEN/EE/2022/843,Kwadwo Frimpong,Electrical Eng.,300,1,2.86,99.7,1.082,2,0,0,0,0
UEN/EE/2022/844,Kow Twumasi,Electrical Eng.,300,2,2.89,93.7,0.519,2,0,0,0,0
UEN/EE/2022/845,Barimah Ansah,Electrical Eng.,300,1,3.53,86.3,0.862,1,0,0,0,0
UEN/CS/2022/846,Ewurama Kumi,Computer Science,300,2,3.18,90.5,0.883,0,0,0,0,0
UEN/EE/2023/847,Adwoa Agyei,Electrical Eng.,400,1,2.48,80.5,0.568,3,0,0,0,0
UEN/CS/2020/848,Ewurama Ansah,Computer Science,100,1,3.11,85.2,0.706,1,0,0,0,0
UEN/CS/2020/849,Kweku Acheampong,Computer Science,100,2,3.07,100.0,0.751,1,0,0,0,0
UEN/BA/2021/850,Owusu Sarpong,Business Admin.,200,1,2.82,88.5,0.779,1,0,0,0,0
UEN/CS/2020/851,Kow Nyarko,Computer Science,100,2,3.53,100.0,0.97,0,0,0,0,0
UEN/CS/2022/852,Akua Mensah,Computer Science,300,1,4.0,89.3,1.024,1,0,0,0,0
UEN/EE/2020/853,Kojo Amoah,Electrical Eng.,100,2,2.7,83.6,0.749,2,0,0,0,0
UEN/EE/2022/854,Poku Appiah,Electrical Eng.,300,2,3.77,76.1,0.77,0,0,0,0,0
UEN/ME/2023/855,Kofi Mensah,Mech. Engineering,400,1,2.79,83.1,0.772,2,0,0,0,0
UEN/BA/2020/856,Ewurama Barimah,Business Admin.,100,1,2.94,76.1,0.767,1,0,0,0,0
UEN/CS/2022/857,Ewurama Agyemang,Computer Science,300,2,3.56,82.8,0.866,0,0,0,0,0
UEN/BA/2020/858,Adwoa Barimah,Business Admin.,100,2,3.05,69.3,0.698,0,0,0,0,0
UEN/ME/2023/859,Yaw Amoah,Mech. Engineering,400,1,2.96,78.8,0.689,1,0,0,0,0
UEN/EE/2021/860,Adwoa Asante,Electrical Eng.,200,2,3.76,100.0,1.021,0,0,0,0,0
UEN/CS/2023/861,Kwame Barimah,Computer Science,400,1,2.51,77.9,1.025,1,0,0,0,0
UEN/EE/2020/862,Akua Antwi,Electrical Eng.,100,2,2.88,64.8,0.573,2,0,0,0,0
UEN/CS/2021/863,Kwabena Agyei,Computer Science,200,1,2.04,67.3,0.668,2,0,0,0,1
UEN/BA/2021/864,Efua Barimah,Business Admin.,200,2,3.13,100.0,0.827,0,0,0,0,0
UEN/CS/2021/865,Nana Bonsu,Computer Science,200,1,3.13,81.0,0.842,0,0,0,0,0
UEN/BA/2021/866,Akua Bonsu,Business Admin.,200,2,3.69,84.3,0.855,2,0,0,0,0
UEN/EE/2020/867,Kwame Sarpong,Electrical Eng.,100,1,2.26,82.3,0.733,2,0,1,0,1
UEN/ME/2023/868,Fiifi Asante,Mech. Engineering,400,2,1.25,63.0,0.473,2,0,0,1,1
UEN/CS/2020/869,Kwabena Nyarko,Computer Science,100,2,2.59,69.4,0.78,1,0,0,0,0
UEN/ME/2021/870,Kow Nyarko,Mech. Engineering,200,1,3.68,80.0,1.004,0,0,0,0,0
UEN/BA/2023/871,Asante Asante,Business Admin.,400,1,3.78,100.0,0.931,0,0,0,0,0
UEN/EE/2023/872,Kobby Ansah,Electrical Eng.,400,1,3.26,66.1,0.951,0,0,0,0,0
UEN/EE/2022/873,Yaw Amoah,Electrical Eng.,300,2,3.75,89.4,0.85,1,0,0,0,0
UEN/CS/2022/874,Kwesi Fordjour,Computer Science,300,2,4.0,90.9,0.983,0,0,0,0,0
UEN/CS/2021/875,Barimah Bonsu,Computer Science,200,1,3.29,67.7,0.727,1,0,0,0,0
UEN/BA/2020/876,Asante Bonsu,Business Admin.,100,2,1.62,58.0,0.55,2,0,0,0,1
UEN/CS/2021/877,Yaw Adjei,Computer Science,200,1,2.8,86.3,0.593,1,0,0,0,0
UEN/CS/2020/878,Esi Darko,Computer Science,100,1,3.65,77.6,0.752,0,0,0,0,0
UEN/CS/2021/879,Ewurama Ntiamoah,Computer Science,200,1,2.46,69.1,0.795,1,0,0,0,0
UEN/EE/2023/880,Afia Barimah,Electrical Eng.,400,2,2.2,71.8,0.749,2,0,0,0,1
UEN/BA/2020/881,Adjoa Ntiamoah,Business Admin.,100,2,2.81,80.3,0.897,1,0,0,0,0
UEN/CS/2020/882,Kojo Bonsu,Computer Science,100,2,3.2,84.3,0.885,1,0,0,0,0
UEN/BA/2021/883,Nana Frimpong,Business Admin.,200,2,2.87,77.9,0.832,1,0,0,0,0
UEN/CS/2023/884,Asante Sarpong,Computer Science,400,1,3.47,97.2,1.01,0,0,0,0,0
UEN/CS/2021/885,Asante Sarpong,Computer Science,200,1,4.0,100.0,1.197,1,0,0,0,0
UEN/CS/2023/886,Efua Barimah,Computer Science,400,2,2.45,69.5,0.765,2,0,0,0,0
UEN/ME/2020/887,Serwaa Antwi,Mech. Engineering,100,1,3.77,100.0,1.061,1,0,0,0,0
UEN/BA/2023/888,Yaw Quartey,Business Admin.,400,1,2.99,62.9,0.763,1,0,0,0,0
UEN/EE/2022/889,Kojo Darko,Electrical Eng.,300,2,3.75,81.3,0.996,0,0,0,0,0
UEN/ME/2021/890,Yaw Boateng,Mech. Engineering,200,1,2.86,67.1,0.89,1,0,0,0,0
UEN/EE/2020/891,Kwesi Amoah,Electrical Eng.,100,2,4.0,90.8,0.769,0,0,0,0,0
UEN/EE/2022/892,Poku Osei,Electrical Eng.,300,2,2.54,78.1,0.652,1,0,0,0,0
UEN/CS/2021/893,Ewurama Owusu,Computer Science,200,2,3.91,82.3,0.94,0,0,0,0,0
UEN/BA/2023/894,Kwadwo Twumasi,Business Admin.,400,2,4.0,98.2,0.988,2,0,0,0,0
UEN/EE/2021/895,Ama Asante,Electrical Eng.,200,1,2.86,63.7,0.705,1,0,0,0,0
UEN/EE/2022/896,Kobby Mensah,Electrical Eng.,300,1,2.36,72.4,0.59,1,0,0,0,1
UEN/EE/2022/897,Nana Asante,Electrical Eng.,300,1,3.11,84.3,0.844,1,0,0,0,0
UEN/CS/2021/898,Serwaa Adjei,Computer Science,200,2,1.98,67.9,0.634,2,0,0,0,1
UEN/BA/2020/899,Poku Barimah,Business Admin.,100,2,2.38,66.4,0.482,2,1,0,0,1
UEN/BA/2021/900,Kobby Kumi,Business Admin.,200,2,2.62,76.6,0.669,1,0,0,0,0
UEN/CS/2021/901,Kow Tawiah,Computer Science,200,2,3.34,96.4,0.851,0,0,0,0,0
UEN/ME/2020/902,Kojo Agyemang,Mech. Engineering,100,2,3.4,88.0,0.729,0,0,0,0,0
UEN/CS/2022/903,Kweku Barimah,Computer Science,300,2,3.15,81.3,0.914,1,0,0,0,0
UEN/EE/2022/904,Abena Adjei,Electrical Eng.,300,2,3.56,95.3,0.976,0,0,0,0,0
UEN/CS/2023/905,Ewurama Asante,Computer Science,400,2,3.55,100.0,0.764,0,0,0,0,0
UEN/EE/2021/906,Kobby Tawiah,Electrical Eng.,200,2,2.45,76.0,0.566,1,0,0,0,1
UEN/CS/2020/907,Abena Appiah,Computer Science,100,1,3.13,96.0,0.79,2,0,0,0,0
UEN/EE/2023/908,Kofi Agyemang,Electrical Eng.,400,1,3.97,72.3,0.833,2,0,0,0,0
UEN/CS/2021/909,Serwaa Osei,Computer Science,200,1,2.67,86.4,0.792,1,0,0,0,0
UEN/EE/2021/910,Kwame Agyei,Electrical Eng.,200,2,3.59,100.0,0.942,0,0,0,0,0
UEN/CS/2023/911,Kow Agyei,Computer Science,400,2,3.22,79.4,0.665,1,0,0,0,0
UEN/BA/2020/912,Kow Barimah,Business Admin.,100,2,3.47,100.0,0.877,0,0,0,0,0
UEN/CS/2022/913,Barimah Bonsu,Computer Science,300,2,3.75,85.5,0.997,1,0,0,0,0
UEN/BA/2022/914,Poku Ntiamoah,Business Admin.,300,1,3.51,95.1,0.959,0,0,0,0,0
UEN/CS/2021/915,Poku Antwi,Computer Science,200,1,2.83,95.0,0.756,0,0,0,0,0
UEN/CS/2022/916,Fiifi Frimpong,Computer Science,300,1,3.13,66.5,0.76,1,0,0,0,0
UEN/CS/2021/917,Barimah Amoah,Computer Science,200,1,3.33,70.6,0.795,1,0,0,0,0
UEN/CS/2020/918,Serwaa Quartey,Computer Science,100,2,3.78,100.0,1.044,2,0,0,0,0
UEN/EE/2022/919,Adjoa Antwi,Electrical Eng.,300,1,3.65,82.0,0.834,0,0,0,0,0
UEN/EE/2021/920,Kojo Sarpong,Electrical Eng.,200,1,2.94,71.3,0.738,1,0,0,0,0
UEN/CS/2020/921,Yaw Bonsu,Computer Science,100,1,2.57,90.9,0.64,1,0,0,0,0
UEN/CS/2023/922,Nana Osei,Computer Science,400,2,3.25,79.2,0.734,0,0,0,0,0
UEN/BA/2022/923,Kobby Osei,Business Admin.,300,2,3.79,86.2,0.824,0,0,0,0,0
UEN/CS/2022/924,Kweku Quartey,Computer Science,300,1,1.63,83.6,0.85,2,0,0,0,1
UEN/ME/2021/925,Adwoa Sarpong,Mech. Engineering,200,2,2.36,55.6,0.605,2,0,0,0,1
UEN/EE/2023/926,Abena Acheampong,Electrical Eng.,400,2,4.0,78.6,0.741,1,0,0,0,0
UEN/BA/2023/927,Kwadwo Asante,Business Admin.,400,2,3.91,100.0,0.84,0,0,0,0,0
UEN/EE/2022/928,Efua Bonsu,Electrical Eng.,300,1,3.5,80.1,0.845,0,0,0,0,0
UEN/BA/2020/929,Serwaa Agyei,Business Admin.,100,2,3.79,92.5,1.011,0,0,0,0,0
UEN/BA/2022/930,Kwabena Asante,Business Admin.,300,1,3.9,99.4,0.947,1,0,0,0,0
UEN/EE/2022/931,Serwaa Appiah,Electrical Eng.,300,2,3.05,84.1,0.801,1,0,0,0,0
UEN/CS/2021/932,Kojo Agyei,Computer Science,200,2,2.9,65.7,0.88,1,0,0,0,0
UEN/BA/2022/933,Ohemaa Asante,Business Admin.,300,2,3.14,80.7,0.766,1,0,0,0,0
UEN/CS/2020/934,Akosua Agyei,Computer Science,100,2,2.87,88.0,0.828,1,0,0,0,0
UEN/BA/2021/935,Nana Tawiah,Business Admin.,200,2,2.96,86.3,0.751,2,0,0,0,0
UEN/EE/2021/936,Kwesi Addo,Electrical Eng.,200,2,2.97,100.0,0.863,0,0,0,0,0
UEN/EE/2023/937,Asante Addo,Electrical Eng.,400,1,3.74,89.6,0.936,1,0,0,0,0
UEN/CS/2022/938,Kow Agyemang,Computer Science,300,2,3.27,84.1,0.713,1,0,0,0,0
UEN/BA/2023/939,Yaw Tawiah,Business Admin.,400,1,2.91,88.1,0.837,2,0,0,0,0
UEN/CS/2022/940,Kojo Acheampong,Computer Science,300,1,2.15,54.9,0.726,2,0,0,0,1
UEN/EE/2022/941,Kwadwo Asante,Electrical Eng.,300,2,3.0,93.7,0.886,0,0,0,0,0
UEN/CS/2020/942,Fiifi Owusu,Computer Science,100,2,2.53,71.7,0.699,1,0,0,0,0
UEN/BA/2022/943,Kweku Agyemang,Business Admin.,300,1,3.34,82.6,0.836,0,0,0,0,0
UEN/CS/2021/944,Kow Fordjour,Computer Science,200,2,2.59,76.9,0.803,2,0,0,0,1
UEN/ME/2023/945,Poku Osei,Mech. Engineering,400,1,3.22,88.2,0.894,0,0,0,0,0
UEN/ME/2020/946,Poku Quartey,Mech. Engineering,100,1,3.63,100.0,0.846,1,0,0,0,0
UEN/EE/2023/947,Kobby Sarpong,Electrical Eng.,400,2,3.7,78.8,1.014,0,0,0,0,0
UEN/EE/2021/948,Efua Bonsu,Electrical Eng.,200,1,2.7,70.3,0.678,1,0,0,0,0
UEN/EE/2021/949,Poku Addo,Electrical Eng.,200,1,2.72,72.2,0.752,1,0,0,0,0
UEN/EE/2023/950,Kwabena Amoah,Electrical Eng.,400,1,3.73,78.0,0.953,1,0,0,0,0
UEN/EE/2020/951,Yaw Asante,Electrical Eng.,100,1,4.0,91.8,0.902,0,0,0,0,0
UEN/EE/2021/952,Kow Nyarko,Electrical Eng.,200,1,3.55,90.1,0.782,0,0,0,0,0
UEN/BA/2020/953,Yaw Acheampong,Business Admin.,100,2,1.58,64.5,0.655,2,0,0,0,1
UEN/EE/2021/954,Kwame Amoah,Electrical Eng.,200,1,3.06,88.3,0.663,2,0,0,0,0
UEN/CS/2022/955,Fiifi Barimah,Computer Science,300,1,2.7,79.8,0.86,1,0,0,0,0
UEN/CS/2022/956,Barimah Quartey,Computer Science,300,1,3.57,83.5,0.775,0,0,0,0,0
UEN/CS/2022/957,Efua Barimah,Computer Science,300,2,3.39,96.8,0.819,0,0,0,0,0
UEN/ME/2023/958,Kwadwo Asante,Mech. Engineering,400,1,3.85,73.8,0.747,1,0,0,0,0
UEN/CS/2020/959,Ato Asante,Computer Science,100,1,3.39,95.4,0.909,0,0,0,0,0
UEN/BA/2020/960,Kwesi Ansah,Business Admin.,100,2,3.22,96.5,0.928,0,0,0,0,0
UEN/CS/2022/961,Kofi Sarpong,Computer Science,300,2,3.63,89.0,0.819,0,0,0,0,0
UEN/ME/2023/962,Ohemaa Osei,Mech. Engineering,400,1,3.43,83.7,0.803,1,0,0,0,0
UEN/EE/2021/963,Adwoa Twumasi,Electrical Eng.,200,2,2.68,67.9,0.687,1,0,0,0,1
UEN/EE/2023/964,Kwabena Fordjour,Electrical Eng.,400,1,2.88,81.0,0.771,1,0,0,0,0
UEN/ME/2021/965,Owusu Boateng,Mech. Engineering,200,2,2.0,74.5,0.769,1,0,0,0,1
UEN/EE/2023/966,Ama Ntiamoah,Electrical Eng.,400,2,2.28,59.6,0.496,3,0,0,0,1
UEN/EE/2022/967,Kwame Mensah,Electrical Eng.,300,2,2.2,72.1,0.572,1,0,0,0,1
UEN/ME/2020/968,Fiifi Appiah,Mech. Engineering,100,1,3.31,86.6,0.997,0,0,0,0,0
UEN/BA/2021/969,Kwabena Sarpong,Business Admin.,200,1,2.6,85.1,0.698,1,0,0,0,0
UEN/BA/2022/970,Serwaa Addo,Business Admin.,300,1,3.16,72.5,0.746,1,0,0,0,0
UEN/BA/2021/971,Serwaa Adjei,Business Admin.,200,2,3.17,75.7,0.955,1,0,0,0,0
UEN/BA/2020/972,Ohemaa Antwi,Business Admin.,100,2,3.76,100.0,0.985,0,0,0,0,0
UEN/CS/2022/973,Poku Antwi,Computer Science,300,1,3.31,82.9,0.848,0,0,0,0,0
UEN/BA/2021/974,Kofi Kumi,Business Admin.,200,2,3.27,76.1,0.838,1,0,0,0,0
UEN/BA/2023/975,Yaw Owusu,Business Admin.,400,2,3.26,69.1,0.971,1,0,0,0,0
UEN/BA/2020/976,Asante Quartey,Business Admin.,100,1,2.98,63.4,0.558,2,1,0,0,1
UEN/EE/2022/977,Adwoa Osei,Electrical Eng.,300,2,3.68,87.2,0.928,0,0,0,0,0
UEN/CS/2020/978,Kow Darko,Computer Science,100,2,3.66,100.0,0.957,0,0,0,0,0
UEN/ME/2023/979,Kofi Tawiah,Mech. Engineering,400,2,3.34,75.8,0.766,1,0,0,0,0
UEN/ME/2023/980,Efua Danso,Mech. Engineering,400,1,3.87,95.0,1.178,0,0,0,0,0
UEN/ME/2022/981,Poku Boateng,Mech. Engineering,300,1,3.93,86.8,0.989,0,0,0,0,0
UEN/EE/2023/982,Adjoa Appiah,Electrical Eng.,400,2,2.93,75.9,0.734,2,0,0,0,0
UEN/CS/2023/983,Adjoa Agyemang,Computer Science,400,1,3.25,83.0,0.862,3,0,0,0,0
UEN/BA/2021/984,Kow Osei,Business Admin.,200,2,2.67,76.1,0.814,1,0,0,0,0
UEN/BA/2020/985,Poku Danso,Business Admin.,100,1,1.31,47.2,0.457,3,0,0,1,1
UEN/ME/2023/986,Asante Darko,Mech. Engineering,400,1,3.22,95.3,0.833,1,0,0,0,0
UEN/CS/2023/987,Owusu Acheampong,Computer Science,400,1,2.76,88.6,0.793,2,0,0,0,0
UEN/BA/2020/988,Adjoa Agyemang,Business Admin.,100,2,3.3,93.5,0.811,2,0,0,0,0
UEN/EE/2022/989,Poku Owusu,Electrical Eng.,300,1,3.8,83.2,0.868,0,0,0,0,0
UEN/EE/2021/990,Kojo Quartey,Electrical Eng.,200,2,2.4,66.9,0.864,1,0,0,0,0
UEN/ME/2020/991,Kojo Asante,Mech. Engineering,100,1,3.09,88.4,0.895,0,0,0,0,0
UEN/EE/2023/992,Maame Osei,Electrical Eng.,400,1,2.15,56.2,0.618,2,0,0,0,1
UEN/BA/2020/993,Kwadwo Mensah,Business Admin.,100,2,2.99,64.1,0.812,1,0,0,0,0
UEN/CS/2023/994,Kwesi Quartey,Computer Science,400,2,3.24,70.7,0.701,1,0,0,0,0
UEN/ME/2020/995,Ato Ansah,Mech. Engineering,100,1,3.13,74.8,0.922,0,0,0,0,0
UEN/EE/2020/996,Akosua Barimah,Electrical Eng.,100,2,3.47,100.0,1.143,1,0,0,0,0
UEN/EE/2020/997,Kweku Bonsu,Electrical Eng.,100,1,2.79,84.9,0.827,2,0,0,0,0
UEN/CS/2021/998,Akua Antwi,Computer Science,200,1,2.55,62.2,0.691,1,0,0,0,0
UEN/BA/2020/999,Ama Tawiah,Business Admin.,100,1,2.43,72.2,0.643,1,0,0,0,0
UEN/CS/2022/1000,Poku Osei,Computer Science,300,1,2.9,77.7,0.589,2,0,0,0,0
UEN/BA/2023/1001,Yaw Ntiamoah,Business Admin.,400,2,4.0,100.0,0.989,0,0,0,0,0
UEN/BA/2023/1002,Afia Amoah,Business Admin.,400,2,2.75,78.8,0.83,1,0,0,0,0
UEN/BA/2022/1003,Asante Osei,Business Admin.,300,1,2.84,100.0,0.868,0,0,0,0,0
UEN/CS/2020/1004,Kwesi Agyemang,Computer Science,100,2,2.6,67.1,0.807,2,0,1,0,1
UEN/CS/2023/1005,Yaw Nyarko,Computer Science,400,2,1.52,74.2,0.77,2,1,0,0,1
UEN/BA/2022/1006,Adjoa Ntiamoah,Business Admin.,300,1,4.0,100.0,1.052,1,0,0,0,0
UEN/CS/2022/1007,Esi Asante,Computer Science,300,2,3.39,93.1,0.781,1,0,0,0,0
UEN/EE/2022/1008,Akosua Owusu,Electrical Eng.,300,1,2.65,84.8,0.921,1,0,0,0,1
UEN/BA/2023/1009,Kofi Amoah,Business Admin.,400,1,2.95,79.3,0.745,1,0,0,0,0
UEN/EE/2023/1010,Afia Agyei,Electrical Eng.,400,2,3.75,93.7,1.065,0,0,0,0,0
UEN/BA/2021/1011,Abena Acheampong,Business Admin.,200,2,1.92,75.4,0.789,2,1,0,0,1
UEN/EE/2023/1012,Owusu Agyemang,Electrical Eng.,400,1,1.97,53.4,0.65,3,0,1,0,1
UEN/ME/2020/1013,Kow Appiah,Mech. Engineering,100,1,3.17,88.5,0.958,1,0,0,0,0
UEN/BA/2020/1014,Afia Agyei,Business Admin.,100,1,3.02,73.0,0.84,1,0,0,0,0
UEN/ME/2023/1015,Akua Barimah,Mech. Engineering,400,2,2.98,54.4,1.033,1,0,0,0,0
UEN/CS/2022/1016,Ato Kumi,Computer Science,300,2,2.87,88.6,0.707,1,0,0,0,0
UEN/ME/2020/1017,Akosua Appiah,Mech. Engineering,100,2,2.86,79.1,0.889,1,0,0,0,0
UEN/ME/2021/1018,Kojo Ntiamoah,Mech. Engineering,200,1,3.48,90.6,0.844,1,0,0,0,0
UEN/EE/2020/1019,Kwesi Asante,Electrical Eng.,100,1,3.16,88.1,0.946,0,0,0,0,0
UEN/EE/2022/1020,Adwoa Owusu,Electrical Eng.,300,2,3.48,95.4,0.841,0,0,0,0,0
UEN/BA/2021/1021,Ato Asante,Business Admin.,200,2,3.5,81.9,0.75,1,0,0,0,0
UEN/CS/2022/1022,Kwabena Acheampong,Computer Science,300,2,2.55,77.1,0.717,2,0,0,0,0
UEN/ME/2022/1023,Owusu Addo,Mech. Engineering,300,2,3.24,79.4,1.124,1,0,0,0,0
UEN/BA/2023/1024,Serwaa Frimpong,Business Admin.,400,2,3.24,96.3,0.819,0,0,0,0,0
UEN/EE/2021/1025,Ato Bonsu,Electrical Eng.,200,1,3.36,82.8,0.931,0,0,0,0,0
UEN/BA/2021/1026,Serwaa Antwi,Business Admin.,200,1,1.69,68.9,0.622,1,0,0,0,0
UEN/CS/2023/1027,Kwesi Quartey,Computer Science,400,2,3.32,81.6,0.782,1,0,0,0,0
UEN/EE/2020/1028,Adwoa Ntiamoah,Electrical Eng.,100,1,3.54,76.7,0.686,1,0,0,0,0
UEN/BA/2020/1029,Adwoa Agyei,Business Admin.,100,2,3.08,100.0,0.97,0,0,0,0,0
UEN/CS/2020/1030,Yaw Adjei,Computer Science,100,2,3.68,92.8,0.927,0,0,0,0,0
UEN/EE/2022/1031,Poku Amoah,Electrical Eng.,300,2,3.47,83.5,0.656,0,0,0,0,0
UEN/CS/2021/1032,Nana Agyemang,Computer Science,200,2,4.0,96.8,0.981,1,0,0,0,0
UEN/ME/2022/1033,Ato Agyemang,Mech. Engineering,300,2,3.46,94.0,0.703,0,0,0,0,0
UEN/CS/2021/1034,Adjoa Asante,Computer Science,200,1,3.36,90.2,1.056,0,0,0,0,0
UEN/BA/2022/1035,Asante Asante,Business Admin.,300,2,3.19,76.9,0.961,0,0,0,0,0
UEN/CS/2023/1036,Kwabena Quartey,Computer Science,400,1,2.2,60.6,0.564,2,0,0,0,1
UEN/EE/2022/1037,Afia Barimah,Electrical Eng.,300,1,3.8,90.6,1.089,0,0,0,0,0
UEN/BA/2021/1038,Ama Nyarko,Business Admin.,200,2,2.56,79.3,1.056,1,0,0,0,0
UEN/CS/2021/1039,Esi Bonsu,Computer Science,200,1,2.97,75.0,0.876,1,0,0,0,0
UEN/ME/2020/1040,Afia Nyarko,Mech. Engineering,100,1,2.88,82.4,0.714,1,0,0,0,0
UEN/CS/2021/1041,Asante Nyarko,Computer Science,200,1,2.82,76.8,0.982,2,0,0,0,0
UEN/EE/2022/1042,Maame Danso,Electrical Eng.,300,1,2.14,72.7,0.577,2,0,1,0,1
UEN/CS/2021/1043,Kwesi Agyemang,Computer Science,200,2,2.82,93.9,0.817,0,0,0,0,0
UEN/BA/2020/1044,Kobby Barimah,Business Admin.,100,2,3.6,90.4,0.73,0,0,0,0,0
UEN/CS/2022/1045,Adwoa Antwi,Computer Science,300,2,2.65,81.4,0.805,1,0,0,0,0
UEN/BA/2022/1046,Kwesi Acheampong,Business Admin.,300,1,3.4,85.1,0.923,0,0,0,0,0
UEN/CS/2021/1047,Kwame Quartey,Computer Science,200,1,2.95,76.1,0.953,1,0,0,0,0
UEN/CS/2022/1048,Efua Ansah,Computer Science,300,2,3.37,90.7,0.78,0,0,0,0,0
UEN/EE/2023/1049,Ewurama Tawiah,Electrical Eng.,400,1,3.67,90.9,0.856,0,0,0,0,0
UEN/EE/2022/1050,Maame Sarpong,Electrical Eng.,300,2,4.0,100.0,0.919,0,0,0,0,0
UEN/BA/2023/1051,Kweku Nyarko,Business Admin.,400,1,3.5,100.0,1.0,0,0,0,0,0
UEN/CS/2023/1052,Kobby Amoah,Computer Science,400,1,2.54,61.8,0.584,1,0,0,0,1
UEN/BA/2022/1053,Ohemaa Barimah,Business Admin.,300,1,2.22,71.2,0.708,3,0,1,0,0
UEN/BA/2022/1054,Ohemaa Addo,Business Admin.,300,1,3.24,91.8,0.889,1,0,0,0,0
UEN/CS/2020/1055,Kwabena Sarpong,Computer Science,100,1,3.22,76.2,0.771,1,0,0,0,0
UEN/BA/2020/1056,Adwoa Asante,Business Admin.,100,2,3.24,94.9,0.921,0,0,0,0,0
UEN/BA/2022/1057,Adwoa Addo,Business Admin.,300,1,3.67,86.5,0.824,0,0,0,0,0
UEN/BA/2022/1058,Asante Acheampong,Business Admin.,300,1,2.79,79.8,0.712,1,0,0,0,0
UEN/BA/2022/1059,Kwabena Owusu,Business Admin.,300,2,3.37,86.0,0.912,1,0,0,0,0
UEN/BA/2022/1060,Adjoa Nyarko,Business Admin.,300,2,3.06,72.4,0.709,1,0,0,0,0
UEN/CS/2021/1061,Esi Boateng,Computer Science,200,2,3.46,83.1,0.733,0,0,0,0,0
UEN/ME/2022/1062,Kwesi Bonsu,Mech. Engineering,300,1,3.44,79.0,1.125,1,0,0,0,0
UEN/CS/2020/1063,Efua Kumi,Computer Science,100,2,3.8,92.8,0.928,0,0,0,0,0
UEN/EE/2023/1064,Barimah Quartey,Electrical Eng.,400,1,1.6,67.7,0.488,2,0,0,0,1
UEN/CS/2021/1065,Owusu Sarpong,Computer Science,200,2,3.38,82.5,0.97,1,0,0,0,0
UEN/EE/2023/1066,Kwadwo Danso,Electrical Eng.,400,1,3.69,89.1,0.932,0,0,0,0,0
UEN/EE/2023/1067,Ama Owusu,Electrical Eng.,400,2,2.18,57.4,0.657,1,0,0,0,1
UEN/BA/2023/1068,Esi Ntiamoah,Business Admin.,400,1,2.76,73.9,0.77,2,0,0,0,0
UEN/BA/2022/1069,Adwoa Adjei,Business Admin.,300,2,2.24,78.1,0.699,2,0,0,0,0
UEN/CS/2022/1070,Fiifi Asante,Computer Science,300,2,2.64,73.7,0.746,1,0,0,0,0
UEN/CS/2020/1071,Fiifi Quartey,Computer Science,100,1,3.3,94.8,1.064,0,0,0,0,0
UEN/ME/2023/1072,Kwame Quartey,Mech. Engineering,400,1,2.98,93.2,0.877,1,0,0,0,0
UEN/CS/2020/1073,Kwabena Fordjour,Computer Science,100,2,4.0,99.5,1.056,0,0,0,0,0
UEN/CS/2020/1074,Kweku Twumasi,Computer Science,100,2,2.73,92.4,0.684,1,0,0,0,0
UEN/EE/2020/1075,Afia Antwi,Electrical Eng.,100,2,2.94,100.0,0.89,1,0,0,0,0
UEN/EE/2023/1076,Kwabena Ansah,Electrical Eng.,400,1,3.56,87.4,0.956,0,0,0,0,0
UEN/ME/2022/1077,Barimah Osei,Mech. Engineering,300,1,2.32,79.4,0.937,3,0,1,0,1
UEN/CS/2021/1078,Ewurama Kumi,Computer Science,200,1,2.97,66.8,0.629,1,0,0,0,0
UEN/CS/2022/1079,Abena Ansah,Computer Science,300,1,3.44,77.4,0.852,0,0,0,0,0
UEN/ME/2023/1080,Asante Darko,Mech. Engineering,400,2,3.2,90.8,0.779,0,0,0,0,0
UEN/CS/2020/1081,Asante Frimpong,Computer Science,100,1,3.06,83.5,0.958,1,0,0,0,0
UEN/BA/2022/1082,Yaw Frimpong,Business Admin.,300,1,3.58,88.1,0.753,1,0,0,0,0
UEN/EE/2020/1083,Serwaa Adjei,Electrical Eng.,100,1,3.73,100.0,0.964,0,0,0,0,0
UEN/BA/2023/1084,Barimah Kumi,Business Admin.,400,2,3.3,83.2,1.087,1,0,0,0,0
UEN/EE/2021/1085,Ato Ntiamoah,Electrical Eng.,200,1,3.64,87.1,0.89,0,0,0,0,0
UEN/BA/2022/1086,Adwoa Quartey,Business Admin.,300,1,3.84,96.1,0.703,0,0,0,0,0
UEN/BA/2021/1087,Kwabena Darko,Business Admin.,200,1,3.64,100.0,0.842,1,0,0,0,0
UEN/BA/2020/1088,Serwaa Ntiamoah,Business Admin.,100,1,3.44,86.1,0.956,0,0,0,0,0
UEN/BA/2023/1089,Ama Acheampong,Business Admin.,400,2,2.47,77.6,0.765,2,0,0,0,0
UEN/EE/2020/1090,Poku Asante,Electrical Eng.,100,2,3.81,92.0,1.004,0,0,0,0,0
UEN/ME/2020/1091,Kweku Ansah,Mech. Engineering,100,1,3.88,99.2,0.928,0,0,0,0,0
UEN/EE/2023/1092,Maame Osei,Electrical Eng.,400,2,3.29,89.3,0.864,0,0,0,0,0
UEN/EE/2023/1093,Kwabena Agyemang,Electrical Eng.,400,2,3.37,82.3,0.67,1,0,0,0,0
UEN/CS/2020/1094,Kweku Antwi,Computer Science,100,2,3.12,79.6,0.821,2,0,0,0,0
UEN/BA/2023/1095,Efua Ansah,Business Admin.,400,1,3.46,89.2,0.872,0,0,0,0,0
UEN/ME/2021/1096,Kojo Bonsu,Mech. Engineering,200,2,3.01,91.0,0.86,1,0,0,0,0
UEN/BA/2020/1097,Esi Danso,Business Admin.,100,2,3.2,79.8,0.909,0,0,0,0,0
UEN/ME/2023/1098,Kwabena Appiah,Mech. Engineering,400,1,2.58,98.8,0.774,2,0,0,0,0
UEN/BA/2021/1099,Adwoa Danso,Business Admin.,200,2,3.22,86.4,0.879,2,0,0,0,0
UEN/CS/2021/1100,Fiifi Amoah,Computer Science,200,2,2.82,84.8,0.6,1,0,0,0,0
UEN/CS/2020/1101,Abena Mensah,Computer Science,100,1,3.31,99.8,0.893,0,0,0,0,0
UEN/EE/2022/1102,Esi Nyarko,Electrical Eng.,300,1,2.19,55.8,0.519,3,1,0,0,1
UEN/BA/2020/1103,Poku Twumasi,Business Admin.,100,2,1.77,61.9,0.411,3,0,0,0,1
UEN/EE/2023/1104,Ewurama Asante,Electrical Eng.,400,2,2.97,68.0,0.724,1,0,0,0,0
UEN/ME/2022/1105,Kofi Amoah,Mech. Engineering,300,1,3.27,99.8,0.921,0,0,0,0,0
UEN/CS/2020/1106,Maame Addo,Computer Science,100,1,3.88,93.4,0.795,0,0,0,0,0
UEN/BA/2022/1107,Adwoa Osei,Business Admin.,300,2,2.99,78.4,0.794,2,0,0,0,0
UEN/ME/2021/1108,Ato Kumi,Mech. Engineering,200,1,2.99,100.0,0.775,2,0,0,0,0
UEN/EE/2020/1109,Owusu Quartey,Electrical Eng.,100,2,2.02,59.6,0.607,2,1,1,0,1
UEN/CS/2020/1110,Kwabena Barimah,Computer Science,100,2,3.55,90.9,0.985,0,0,0,0,0
UEN/BA/2021/1111,Kobby Barimah,Business Admin.,200,1,3.55,90.8,0.961,0,0,0,0,0
UEN/EE/2020/1112,Kwesi Asante,Electrical Eng.,100,1,1.61,60.1,0.501,2,0,1,0,1
UEN/BA/2022/1113,Efua Agyei,Business Admin.,300,2,3.39,79.9,0.792,1,0,0,0,0
UEN/CS/2021/1114,Esi Danso,Computer Science,200,2,3.04,86.1,0.793,2,0,0,0,0
UEN/CS/2023/1115,Ato Osei,Computer Science,400,1,3.77,91.5,0.892,1,0,0,0,0
UEN/EE/2020/1116,Maame Addo,Electrical Eng.,100,1,2.49,56.9,0.686,3,0,0,0,1
UEN/EE/2023/1117,Ewurama Osei,Electrical Eng.,400,1,2.37,78.7,0.692,2,0,0,0,0
UEN/CS/2020/1118,Ewurama Antwi,Computer Science,100,1,1.89,54.9,0.722,2,0,0,0,1
UEN/ME/2021/1119,Ama Acheampong,Mech. Engineering,200,1,3.12,89.1,0.804,2,0,0,0,0
UEN/CS/2021/1120,Barimah Darko,Computer Science,200,2,2.13,64.9,0.58,2,0,1,0,1
UEN/CS/2023/1121,Kwesi Barimah,Computer Science,400,1,3.05,88.9,0.988,0,0,0,0,0
UEN/BA/2021/1122,Owusu Twumasi,Business Admin.,200,2,3.64,94.1,1.073,1,0,0,0,0
UEN/BA/2020/1123,Efua Barimah,Business Admin.,100,1,3.64,85.6,0.771,0,0,0,0,0
UEN/ME/2021/1124,Ewurama Darko,Mech. Engineering,200,2,2.13,76.5,0.734,2,0,0,0,1
UEN/ME/2020/1125,Ewurama Addo,Mech. Engineering,100,1,3.29,80.7,0.909,0,0,0,0,0
UEN/EE/2022/1126,Fiifi Darko,Electrical Eng.,300,1,3.81,82.2,0.913,0,0,0,0,0
UEN/EE/2023/1127,Adwoa Appiah,Electrical Eng.,400,2,2.64,89.5,0.792,1,0,0,0,0
UEN/EE/2020/1128,Kofi Sarpong,Electrical Eng.,100,1,2.25,71.1,0.859,1,0,0,0,0
UEN/BA/2022/1129,Kojo Amoah,Business Admin.,300,2,3.02,90.0,0.846,0,0,0,0,0
UEN/BA/2023/1130,Serwaa Nyarko,Business Admin.,400,2,2.23,65.5,0.574,3,0,1,0,1
UEN/CS/2022/1131,Poku Agyemang,Computer Science,300,2,4.0,100.0,0.986,1,0,0,0,0
UEN/ME/2022/1132,Asante Kumi,Mech. Engineering,300,1,2.69,68.4,0.875,1,0,0,0,0
UEN/CS/2022/1133,Serwaa Acheampong,Computer Science,300,2,2.29,59.3,0.725,2,0,0,0,1
UEN/CS/2021/1134,Afia Mensah,Computer Science,200,1,2.24,85.9,0.822,1,0,0,0,0
UEN/CS/2022/1135,Owusu Ansah,Computer Science,300,1,2.24,63.1,0.796,1,0,0,0,1
UEN/BA/2021/1136,Kobby Sarpong,Business Admin.,200,2,2.92,79.2,0.886,1,0,0,0,0
UEN/BA/2020/1137,Yaw Acheampong,Business Admin.,100,2,3.24,88.6,0.808,0,0,0,0,0
UEN/CS/2022/1138,Barimah Osei,Computer Science,300,2,1.92,59.6,0.601,3,0,0,0,1
UEN/BA/2022/1139,Akosua Asante,Business Admin.,300,1,3.57,93.6,0.709,0,0,0,0,0
UEN/EE/2020/1140,Ama Mensah,Electrical Eng.,100,1,3.04,73.5,0.666,1,0,0,0,0
UEN/ME/2020/1141,Ama Barimah,Mech. Engineering,100,2,1.88,58.8,0.786,3,0,1,0,1
UEN/ME/2021/1142,Poku Boateng,Mech. Engineering,200,1,3.28,84.8,0.895,1,0,0,0,0
UEN/EE/2021/1143,Akosua Asante,Electrical Eng.,200,1,3.16,100.0,0.88,1,0,0,0,0
UEN/EE/2023/1144,Yaw Tawiah,Electrical Eng.,400,2,2.63,80.4,0.772,1,0,0,0,0
UEN/CS/2022/1145,Kow Kumi,Computer Science,300,1,3.13,81.7,0.672,2,0,0,0,0
UEN/BA/2022/1146,Ohemaa Ntiamoah,Business Admin.,300,1,3.06,76.1,0.824,1,0,0,0,0
UEN/CS/2021/1147,Maame Owusu,Computer Science,200,2,3.04,77.3,0.774,1,0,0,0,0
UEN/CS/2022/1148,Nana Twumasi,Computer Science,300,1,1.95,69.1,0.604,2,1,1,0,1
UEN/EE/2023/1149,Esi Asante,Electrical Eng.,400,2,2.8,79.8,0.867,2,0,0,0,0
UEN/BA/2020/1150,Serwaa Barimah,Business Admin.,100,2,2.57,70.2,0.745,1,0,0,0,0
UEN/EE/2023/1151,Afia Barimah,Electrical Eng.,400,2,2.77,74.2,0.732,1,0,0,0,0
UEN/BA/2022/1152,Kwadwo Amoah,Business Admin.,300,2,2.45,71.3,0.832,1,0,0,0,0
UEN/ME/2020/1153,Kwadwo Amoah,Mech. Engineering,100,1,3.84,99.0,0.982,0,0,0,0,0
UEN/CS/2022/1154,Ato Mensah,Computer Science,300,1,2.54,82.9,0.857,1,0,0,0,0
UEN/EE/2023/1155,Ama Antwi,Electrical Eng.,400,2,2.88,85.6,0.633,1,0,0,0,0
UEN/CS/2022/1156,Esi Danso,Computer Science,300,2,3.23,82.9,0.548,4,0,0,0,1
UEN/BA/2022/1157,Ewurama Osei,Business Admin.,300,1,2.8,85.2,0.773,2,0,0,0,0
UEN/BA/2022/1158,Akosua Owusu,Business Admin.,300,1,3.87,88.7,0.935,0,0,0,0,0
UEN/BA/2022/1159,Kwame Owusu,Business Admin.,300,1,2.81,72.9,0.778,1,0,0,0,0
UEN/BA/2021/1160,Kweku Adjei,Business Admin.,200,2,3.49,95.0,0.929,1,0,0,0,0
UEN/CS/2020/1161,Kwabena Tawiah,Computer Science,100,2,2.5,69.8,0.749,1,0,0,0,0
UEN/BA/2022/1162,Maame Addo,Business Admin.,300,2,2.71,70.5,0.769,1,0,0,0,0
UEN/ME/2023/1163,Ewurama Tawiah,Mech. Engineering,400,2,2.22,66.9,0.736,1,0,0,0,0
UEN/ME/2020/1164,Abena Owusu,Mech. Engineering,100,1,2.47,79.9,0.643,1,0,0,0,1
UEN/ME/2021/1165,Maame Appiah,Mech. Engineering,200,1,2.66,82.5,0.957,0,0,0,0,0
UEN/EE/2022/1166,Akosua Boateng,Electrical Eng.,300,2,3.47,100.0,0.824,0,0,0,0,0
UEN/EE/2021/1167,Nana Bonsu,Electrical Eng.,200,1,3.31,77.6,0.627,1,0,0,0,0
UEN/CS/2021/1168,Kwame Quartey,Computer Science,200,1,3.53,86.6,0.884,0,0,0,0,0
UEN/CS/2023/1169,Kwadwo Fordjour,Computer Science,400,1,3.58,81.6,1.07,1,0,0,0,0
UEN/CS/2023/1170,Serwaa Agyei,Computer Science,400,2,2.94,89.0,0.813,1,0,0,0,0
UEN/EE/2023/1171,Kweku Amoah,Electrical Eng.,400,1,3.43,90.6,0.934,0,0,0,0,0
UEN/CS/2022/1172,Ama Owusu,Computer Science,300,2,1.39,68.4,0.67,3,0,1,1,1
UEN/EE/2022/1173,Akosua Fordjour,Electrical Eng.,300,1,2.58,93.2,0.806,1,0,0,0,0
UEN/EE/2020/1174,Ato Ansah,Electrical Eng.,100,1,3.59,87.1,0.759,0,0,0,0,0
UEN/BA/2023/1175,Barimah Owusu,Business Admin.,400,1,3.08,96.7,0.945,1,0,0,0,0
UEN/ME/2022/1176,Ama Sarpong,Mech. Engineering,300,1,3.03,81.1,0.742,0,0,0,0,0
UEN/BA/2022/1177,Efua Barimah,Business Admin.,300,2,2.75,71.8,0.487,2,0,1,0,0
UEN/ME/2022/1178,Kwabena Agyemang,Mech. Engineering,300,1,3.12,75.3,0.896,1,0,0,0,0
UEN/CS/2022/1179,Yaw Asante,Computer Science,300,1,3.09,92.8,0.857,1,0,0,0,0
UEN/CS/2020/1180,Kwame Frimpong,Computer Science,100,2,2.34,64.6,0.518,1,0,0,0,0
UEN/ME/2020/1181,Kow Adjei,Mech. Engineering,100,1,2.92,81.6,0.719,2,0,0,0,1
UEN/CS/2020/1182,Barimah Boateng,Computer Science,100,2,1.97,67.9,0.721,3,0,0,0,1
UEN/EE/2021/1183,Abena Amoah,Electrical Eng.,200,2,2.16,61.1,0.645,2,0,0,0,1
UEN/ME/2022/1184,Adjoa Barimah,Mech. Engineering,300,2,2.78,81.3,0.837,2,0,0,0,0
UEN/BA/2021/1185,Yaw Nyarko,Business Admin.,200,2,2.87,71.0,0.64,1,0,0,0,0
UEN/BA/2021/1186,Afia Kumi,Business Admin.,200,2,1.98,80.8,0.774,1,0,0,0,0
UEN/CS/2020/1187,Ato Boateng,Computer Science,100,1,4.0,85.8,0.988,0,0,0,0,0
UEN/BA/2020/1188,Kwadwo Asante,Business Admin.,100,1,3.2,97.2,0.889,1,0,0,0,0
UEN/CS/2020/1189,Abena Ansah,Computer Science,100,2,2.35,69.1,0.759,1,0,0,0,0
UEN/ME/2020/1190,Kwesi Adjei,Mech. Engineering,100,1,2.85,69.6,0.786,2,0,0,0,0
UEN/ME/2022/1191,Yaw Ansah,Mech. Engineering,300,1,4.0,90.9,0.929,0,0,0,0,0
UEN/CS/2021/1192,Efua Tawiah,Computer Science,200,2,3.45,98.0,0.951,1,0,0,0,0
UEN/CS/2021/1193,Kweku Ntiamoah,Computer Science,200,2,3.31,90.2,0.888,2,0,0,0,0
UEN/CS/2020/1194,Yaw Barimah,Computer Science,100,2,3.02,84.4,0.768,1,0,0,0,0
UEN/CS/2021/1195,Owusu Ansah,Computer Science,200,1,4.0,80.9,0.804,0,0,0,0,0
UEN/CS/2020/1196,Fiifi Tawiah,Computer Science,100,1,3.03,99.5,0.631,1,0,0,0,0
UEN/ME/2022/1197,Maame Acheampong,Mech. Engineering,300,2,2.03,79.5,0.651,2,0,1,0,1
UEN/ME/2021/1198,Esi Danso,Mech. Engineering,200,2,3.59,92.8,0.889,0,0,0,0,0
UEN/BA/2023/1199,Abena Ntiamoah,Business Admin.,400,2,3.3,78.2,0.965,0,0,0,0,0
UEN/BA/2021/1200,Serwaa Fordjour,Business Admin.,200,2,2.48,88.7,0.678,1,0,0,0,0
